first_name,last_name,email,gender,postal,country
Alica,Tythacott,atythacott0@cornell.edu,Male,,Indonesia
Marga,Blagburn,mblagburn1@flickr.com,Female,164210,Russia
Coralyn,Flaverty,cflaverty2@google.de,Female,4690-711,Portugal
Halimeda,McKeowon,hmckeowon3@boston.com,Male,,China
Billie,Corrao,bcorrao4@wsj.com,Male,5016,Philippines
Dinah,Bascombe,dbascombe5@nba.com,Female,22110,Thailand
Stinky,Dumke,sdumke6@canalblog.com,Genderfluid,,Indonesia
Arri,McDuff,amcduff7@biblegateway.com,Male,,China