first_name,last_name,email,gender,postal,country
Arluene,Hixson,ahixson0@so-net.ne.jp,Male,,Greece
Geoffry,Pether,gpether1@mac.com,Female,,Madagascar
Daryn,Trengove,dtrengove2@epa.gov,Genderqueer,,Egypt
Ellissa,Beaver,ebeaver3@guardian.co.uk,Male,,Bosnia and Herzegovina
Heidi,Martinec,hmartinec4@1688.com,Polygender,421991,Russia
Rakel,Kittle,rkittle5@yahoo.co.jp,Female,T3S,Canada
Mendel,Frow,mfrow6@globo.com,Male,871 60,Sweden
Ninnette,Kruse,nkruse7@gmpg.org,Male,5385,Argentina
Laverna,Martell,lmartell8@archive.org,Female,07-215,Poland
Alfy,Filip,afilip9@wired.com,Male,,Botswana
Darbie,Westcott,dwestcotta@hatena.ne.jp,Female,,Ukraine
Heywood,Wedge,hwedgeb@wp.com,Male,32560,Finland
Costa,Le Fevre,clefevrec@cam.ac.uk,Female,,Peru
Hephzibah,Bowfin,hbowfind@geocities.jp,Female,2434,Philippines
Gregor,Eyckel,geyckele@sakura.ne.jp,Female,,China
Andrew,Gerretsen,agerretsenf@xing.com,Female,J1T,Canada
Gonzalo,Bendan,gbendang@desdev.cn,Female,,Greece
Carver,Ather,catherh@trellian.com,Male,,China
Monro,Eixenberger,meixenbergeri@artisteer.com,Male,2566,Philippines
Lexi,Shavel,lshavelj@hp.com,Male,,Benin
Sonni,Voysey,svoyseyk@mit.edu,Female,,Ukraine
Marris,Cadd,mcaddl@msn.com,Agender,,Nepal
Ron,Havercroft,rhavercroftm@ft.com,Female,4107,Philippines
Frederique,Dougan,fdougann@vkontakte.ru,Male,262 92,Sweden
Leontyne,Broadfoot,lbroadfooto@eventbrite.com,Female,37600-000,Brazil
Salomi,Blunkett,sblunkettp@buzzfeed.com,Female,,Latvia
Dougie,Scatcher,dscatcherq@nyu.edu,Female,,Chile
Noelyn,Vacher,nvacherr@wiley.com,Female,29930-000,Brazil
Florida,Macey,fmaceys@aboutads.info,Female,361603,Russia
Giovanni,Trosdall,gtrosdallt@ox.ac.uk,Male,,Ecuador
Cornelia,Crisford,ccrisfordu@google.com.au,Female,3131,Philippines
Hilton,Rostern,hrosternv@google.nl,Male,,China
Sabine,Mellmoth,smellmothw@latimes.com,Female,,Azerbaijan
Radcliffe,Loomis,rloomisx@oaic.gov.au,Female,663040,Russia
Linette,Crowden,lcrowdeny@hhs.gov,Male,30358,United States
Sheffield,Conan,sconanz@va.gov,Female,,Myanmar
Julie,Ogg,jogg10@msu.edu,Male,368580,Russia
Grantham,Robertacci,grobertacci11@miitbeian.gov.cn,Female,,Indonesia
Doralia,Edworthye,dedworthye12@ezinearticles.com,Female,83450,Mexico
Sigismond,Clack,sclack13@mapquest.com,Female,22006,Guatemala
Austine,Dunkinson,adunkinson14@bbc.co.uk,Female,,Indonesia
Jeane,Dockreay,jdockreay15@europa.eu,Male,105 32,Sweden
Burton,MacDuff,bmacduff16@admin.ch,Male,68200-000,Brazil
Shelia,Torbett,storbett17@usa.gov,Female,3015,Philippines
Sophia,Posvner,sposvner18@quantcast.com,Female,,China
Meggi,Maunsell,mmaunsell19@google.fr,Female,5002,Philippines
Jarrett,Lautie,jlautie1a@dmoz.org,Male,905 92,Sweden
Eldridge,Hunnaball,ehunnaball1b@booking.com,Female,,China
Baldwin,Ovendon,bovendon1c@msu.edu,Male,4323,Philippines
Maris,Devany,mdevany1d@people.com.cn,Female,,Mauritius
Kiley,Minger,kminger1e@netscape.com,Male,,Indonesia
Stace,Abramowitz,sabramowitz1f@oaic.gov.au,Genderfluid,427439,Russia
Cathleen,Belleny,cbelleny1g@blog.com,Male,03017 CEDEX,France
Sargent,Swayland,sswayland1h@wunderground.com,Male,,Vietnam
Chery,Isoldi,cisoldi1i@sfgate.com,Female,,China
Carin,Easby,ceasby1j@hatena.ne.jp,Male,21-065,Poland
Gladys,Hatfield,ghatfield1k@opensource.org,Female,3640-213,Portugal
Jarrett,Screen,jscreen1l@disqus.com,Male,,China
Sapphira,Rickerby,srickerby1m@cnbc.com,Genderqueer,,China
Tomi,Sibley,tsibley1n@ehow.com,Female,353508,Russia
Annice,Sycamore,asycamore1o@ft.com,Female,95140,Thailand
Idalia,Lengthorn,ilengthorn1p@samsung.com,Female,,China
Hayyim,Cordeiro,hcordeiro1q@ox.ac.uk,Female,,Serbia
Clarita,Matz,cmatz1r@infoseek.co.jp,Female,65540-000,Brazil
Carmelle,Packington,cpackington1s@is.gd,Female,,China
Barret,Kamiyama,bkamiyama1t@woothemes.com,Male,95021 CEDEX,France
Theresina,Rosekilly,trosekilly1u@un.org,Female,633411,Russia
Catriona,Paget,cpaget1v@independent.co.uk,Male,356526,Russia
Jenny,Cranton,jcranton1w@smh.com.au,Female,,Ukraine
Christa,Aphale,caphale1x@techcrunch.com,Male,26100-000,Brazil
Marget,McTurlough,mmcturlough1y@bandcamp.com,Female,6671,South Africa
Siouxie,McJury,smcjury1z@timesonline.co.uk,Male,2855-358,Portugal
Laughton,Gostall,lgostall20@nasa.gov,Male,,Palestinian Territory
Darcie,Adrian,dadrian21@senate.gov,Female,,China
Maynord,Iacomi,miacomi22@unicef.org,Female,20910,United States
Iver,Winslade,iwinslade23@amazon.co.uk,Female,6201,Philippines
Richmond,Petrik,rpetrik24@imgur.com,Male,,Indonesia
Codi,Januszewicz,cjanuszewicz25@list-manage.com,Female,,China
Nata,Lightman,nlightman26@sogou.com,Female,,China
Opaline,Spera,ospera27@washington.edu,Male,,Honduras
Ellen,Carnduff,ecarnduff28@timesonline.co.uk,Female,10217,Dominican Republic
Benedicto,Pieracci,bpieracci29@php.net,Genderqueer,3961,Greenland
Wynne,Ansill,wansill2a@istockphoto.com,Female,,China
Osborne,Aspel,oaspel2b@amazonaws.com,Male,,China
Godwin,Mixter,gmixter2c@yahoo.co.jp,Female,18-106,Poland
Harper,Pitbladdo,hpitbladdo2d@imgur.com,Female,613470,Russia
Elvira,Greenhouse,egreenhouse2e@google.com.br,Female,,China
Kaine,Hitter,khitter2f@diigo.com,Male,,Sudan
Christal,Genty,cgenty2g@harvard.edu,Female,8326,Argentina
Gabriela,Hedaux,ghedaux2h@youku.com,Male,,China
Danyette,Tregea,dtregea2i@prnewswire.com,Female,7824,Netherlands
Kenneth,Mucci,kmucci2j@census.gov,Female,,China
Lucille,Marzella,lmarzella2k@t.co,Bigender,,Indonesia
Gwenni,Albasiny,galbasiny2l@ask.com,Male,,Cyprus
Sela,Frewer,sfrewer2m@shinystat.com,Female,7844,Bulgaria
Valentia,Matelaitis,vmatelaitis2n@craigslist.org,Male,,China
Parker,Gerretsen,pgerretsen2o@infoseek.co.jp,Male,,Panama
Olympia,Hyrons,ohyrons2p@seesaa.net,Female,43-523,Poland
Sinclair,Andrioni,sandrioni2q@google.ca,Male,,Kosovo
Neilla,Behne,nbehne2r@liveinternet.ru,Agender,3361,Argentina
Morton,Manifould,mmanifould2s@dailymail.co.uk,Male,,Tajikistan
Helenka,Petru,hpetru2t@free.fr,Male,569 02,Czech Republic
Mead,Cramp,mcramp2u@cloudflare.com,Male,,China
Shandra,Daniels,sdaniels2v@reuters.com,Female,,Peru
Onfroi,Parlor,oparlor2w@devhub.com,Male,66140,Thailand
Laurena,Duinkerk,lduinkerk2x@time.com,Female,,China
Karlene,Neame,kneame2y@smugmug.com,Female,,China
Viv,Clail,vclail2z@tuttocitta.it,Female,,Indonesia
Euphemia,Bisgrove,ebisgrove30@census.gov,Male,1804,Netherlands
Isador,Flanigan,iflanigan31@nationalgeographic.com,Female,,China
Godart,Rispen,grispen32@goodreads.com,Female,68440-000,Brazil
Nathanial,LLelweln,nllelweln33@cam.ac.uk,Male,,Latvia
Rossie,Martini,rmartini34@fema.gov,Male,96400-000,Brazil
Felice,Taggerty,ftaggerty35@bloglovin.com,Female,42301,Finland
Julianne,Graveney,jgraveney36@arstechnica.com,Male,,China
Phylys,Pencost,ppencost37@ehow.com,Female,,Mongolia
Norry,O'Crigane,nocrigane38@miitbeian.gov.cn,Male,,Indonesia
Ricca,Balf,rbalf39@prweb.com,Male,4312,Norway
Gipsy,Vosper,gvosper3a@nyu.edu,Male,,Indonesia
Appolonia,Piper,apiper3b@imageshack.us,Male,38680-000,Brazil
Maryjane,Barensen,mbarensen3c@cornell.edu,Female,5410,Philippines
Abbey,Grimolbie,agrimolbie3d@google.cn,Male,83092 CEDEX,France
Jarred,Saywell,jsaywell3e@opensource.org,Female,2430-084,Portugal
Delbert,Johl,djohl3f@rambler.ru,Female,416457,Russia
Elena,Ofen,eofen3g@telegraph.co.uk,Male,,Nepal
Rea,Ivett,rivett3h@last.fm,Male,,China
Rudyard,Ipsley,ripsley3i@sourceforge.net,Female,EC3M,United Kingdom
Lorelle,Masson,lmasson3j@theguardian.com,Female,,China
Gerti,Sonley,gsonley3k@sakura.ne.jp,Male,,China
Percy,Rumens,prumens3l@pbs.org,Male,,Indonesia
Mirabel,Kingsman,mkingsman3m@printfriendly.com,Male,1170,Belgium
Gertrud,McComiskie,gmccomiskie3n@goo.gl,Female,98400-000,Brazil
Kathryne,Matthews,kmatthews3o@economist.com,Female,29601,Finland
Barbabra,Morfey,bmorfey3p@myspace.com,Female,,Madagascar
Matty,Dowey,mdowey3q@yandex.ru,Female,25004 CEDEX,France
Steffie,Fullard,sfullard3r@youtu.be,Male,,Indonesia
Fabe,Spilling,fspilling3s@digg.com,Female,,Indonesia
Harley,Patient,hpatient3t@sogou.com,Female,,China
Latrena,Tambling,ltambling3u@1und1.de,Male,,Indonesia
Rycca,Dimitriades,rdimitriades3v@elpais.com,Male,6109,Philippines
Rutter,Dunsford,rdunsford3w@sfgate.com,Male,439 03,Czech Republic
Myer,Sivess,msivess3x@w3.org,Female,97487 CEDEX,Reunion
Maridel,Shephard,mshephard3y@instagram.com,Female,,Peru
Tyson,McIlwain,tmcilwain3z@berkeley.edu,Female,59762,Mexico
Marianna,Duff,mduff40@abc.net.au,Female,2855-162,Portugal
Caroline,Lowery,clowery41@time.com,Male,,Peru
Hank,Maraga,hmaraga42@harvard.edu,Female,881 52,Sweden
Odille,Buzzing,obuzzing43@buzzfeed.com,Non-binary,,China
Giacomo,Corss,gcorss44@mail.ru,Female,671 76,Czech Republic
Kean,Crammy,kcrammy45@feedburner.com,Female,,China
Legra,Caswall,lcaswall46@samsung.com,Female,91124 CEDEX,France
Marcello,Simonian,msimonian47@indiatimes.com,Male,4750-445,Portugal
Lynea,Langtree,llangtree48@booking.com,Male,98405,United States
Krispin,Bleue,kbleue49@weibo.com,Female,4940-206,Portugal
Wynny,Drewson,wdrewson4a@home.pl,Male,830-0114,Japan
Rozalin,Gately,rgately4b@sitemeter.com,Female,,Indonesia
Thomasine,Stickins,tstickins4c@angelfire.com,Male,,China
Doralynne,Grindall,dgrindall4d@google.co.jp,Female,,Peru
Valentine,Paur,vpaur4e@cbsnews.com,Female,2614,Philippines
Kennith,Greenshields,kgreenshields4f@salon.com,Female,,Cameroon
Madella,Babb,mbabb4g@webmd.com,Male,,Indonesia
Gusty,Rozsa,grozsa4h@pbs.org,Male,393917,Russia
Kaitlynn,Tilling,ktilling4i@prlog.org,Polygender,,Indonesia
Pace,Jeckells,pjeckells4j@msu.edu,Female,35400-000,Brazil
Dolf,Lohan,dlohan4k@linkedin.com,Male,J6W,Canada
Charley,Warbys,cwarbys4l@clickbank.net,Male,999-5313,Japan
Urbain,Couvet,ucouvet4m@reverbnation.com,Male,,Indonesia
Vidovik,Blesing,vblesing4n@dot.gov,Female,,Peru
Maegan,Coltart,mcoltart4o@fc2.com,Female,63-405,Poland
Larry,Tancock,ltancock4p@theatlantic.com,Female,,Indonesia
Bordy,Glasbey,bglasbey4q@senate.gov,Male,,China
Egan,Dakers,edakers4r@moonfruit.com,Genderqueer,,Afghanistan
Bridgette,Pawel,bpawel4s@canalblog.com,Male,,China
Nikaniki,McEwen,nmcewen4t@tiny.cc,Male,,China
Rafe,Earlam,rearlam4u@yahoo.co.jp,Female,22908,United States
Lucy,Orto,lorto4v@instagram.com,Male,,China
Logan,Urling,lurling4w@patch.com,Female,,Bolivia
Cally,Pelcheur,cpelcheur4x@who.int,Male,3508,Philippines
Ado,Pert,apert4y@europa.eu,Female,,Ethiopia
Rob,Fairhurst,rfairhurst4z@europa.eu,Female,,China
Sarita,Dewane,sdewane50@macromedia.com,Male,21233,Croatia
Dev,Kebbell,dkebbell51@tmall.com,Female,,Chile
Dalenna,Shrimplin,dshrimplin52@yahoo.co.jp,Male,,Indonesia
Ally,Bonnett,abonnett53@slate.com,Male,L-5408,Luxembourg
Chadd,de Courcy,cdecourcy54@ucoz.ru,Male,,Armenia
Shanie,Church,schurch55@psu.edu,Male,675 55,Czech Republic
Juli,Gillivrie,jgillivrie56@senate.gov,Male,93335 CEDEX,France
Kora,Jecks,kjecks57@instagram.com,Female,,China
Tiphani,Bolt,tbolt58@themeforest.net,Female,453663,Russia
Quintina,Callender,qcallender59@ftc.gov,Female,,Indonesia
Anita,Aronowitz,aaronowitz5a@psu.edu,Bigender,,Indonesia
Georgianne,Bjorkan,gbjorkan5b@tinypic.com,Male,,Azerbaijan
Natalee,Sans,nsans5c@netlog.com,Female,,Indonesia
Friedrick,Everleigh,feverleigh5d@unesco.org,Male,9500-365,Portugal
Rinaldo,McIan,rmcian5e@loc.gov,Female,,Tajikistan
Lancelot,Eskrigge,leskrigge5f@reverbnation.com,Agender,,Zambia
Deny,Dureden,ddureden5g@digg.com,Male,32-840,Poland
Toiboid,Baitey,tbaitey5h@berkeley.edu,Non-binary,39216,United States
Garvey,Petrolli,gpetrolli5i@163.com,Female,20420,United States
Orelee,Challiss,ochalliss5j@fastcompany.com,Female,,Ukraine
Shelley,Yakuntzov,syakuntzov5k@free.fr,Female,,Tanzania
Janna,Brunnstein,jbrunnstein5l@icio.us,Female,357637,Russia
Trude,Doberer,tdoberer5m@webeden.co.uk,Male,,Indonesia
Abbie,Oakwell,aoakwell5n@omniture.com,Male,,Egypt
Bobbie,Maffei,bmaffei5o@hhs.gov,Female,,China
Mile,Haughton,mhaughton5p@mozilla.com,Female,,China
Ellary,Cordes,ecordes5q@comcast.net,Agender,,Indonesia
Pearline,Causon,pcauson5r@gnu.org,Male,6519,Philippines
Rabbi,McGhee,rmcghee5s@naver.com,Female,,Indonesia
Dorette,Killingworth,dkillingworth5t@opera.com,Male,,Madagascar
Gwennie,Cuolahan,gcuolahan5u@purevolume.com,Female,,Cameroon
Emelita,Hulatt,ehulatt5v@utexas.edu,Female,3560,Argentina
Mellisa,Feare,mfeare5w@twitpic.com,Female,2274,Netherlands
Otha,Binny,obinny5x@redcross.org,Female,503 53,Czech Republic
Levy,Dineges,ldineges5y@ed.gov,Female,,Honduras
Emyle,Gladwish,egladwish5z@cnet.com,Bigender,,Laos
Kori,Rosensaft,krosensaft60@howstuffworks.com,Female,,Yemen
Edmund,Gissing,egissing61@soup.io,Female,1315,Australia
Cristie,Summerfield,csummerfield62@google.nl,Female,,China
Rivalee,MacGorrie,rmacgorrie63@hhs.gov,Female,46100-000,Brazil
Ward,Bickerdike,wbickerdike64@over-blog.com,Female,,Honduras
Kurtis,Guiu,kguiu65@drupal.org,Male,763547,Colombia
Gaby,Vasenin,gvasenin66@bloglines.com,Male,,China
Odey,Moller,omoller67@ca.gov,Female,,South Korea
Quintina,Rawlcliffe,qrawlcliffe68@ow.ly,Genderqueer,,Zambia
Nancy,Silcock,nsilcock69@craigslist.org,Male,623718,Russia
Barnett,Aitkenhead,baitkenhead6a@dion.ne.jp,Male,,China
Benoite,Ladewig,bladewig6b@joomla.org,Male,,Cambodia
Dedra,Beveridge,dbeveridge6c@bbc.co.uk,Male,,Cuba
Dun,Maydwell,dmaydwell6d@google.de,Female,,Belarus
Whitby,Kaveney,wkaveney6e@artisteer.com,Male,,China
Gaelan,Leadston,gleadston6f@icio.us,Male,90020,Finland
Jonell,Knobell,jknobell6g@icio.us,Female,3070-085,Portugal
Cheslie,Fenech,cfenech6h@zimbio.com,Male,,Indonesia
Winny,Tarbet,wtarbet6i@pen.io,Male,,Democratic Republic of the Congo
Ardine,Emeline,aemeline6j@opensource.org,Male,,Indonesia
Oralia,Paulet,opaulet6k@usgs.gov,Female,,Cameroon
Abbot,Caruth,acaruth6l@amazon.co.jp,Male,4307,Philippines
Adrian,Kembry,akembry6m@cpanel.net,Male,25610,Malaysia
Noni,Bleddon,nbleddon6n@discuz.net,Male,90716,Malaysia
Maddie,Ikins,mikins6o@utexas.edu,Female,,Ukraine
Marius,Coytes,mcoytes6p@comsenz.com,Male,,Indonesia
Nesta,Feldfisher,nfeldfisher6q@hp.com,Female,,China
Dominique,Pitkethly,dpitkethly6r@fotki.com,Male,67150,Thailand
Valerie,Pharo,vpharo6s@mlb.com,Male,,China
Jany,Comber,jcomber6t@wsj.com,Agender,335 24,Sweden
Bradan,Ather,bather6u@sohu.com,Non-binary,37120-000,Brazil
Orton,Tume,otume6v@mit.edu,Male,,Uruguay
Chadwick,Valenta,cvalenta6w@ftc.gov,Female,9212,Philippines
Brnaby,Madgwich,bmadgwich6x@deviantart.com,Female,,Ukraine
Kelli,Quinnelly,kquinnelly6y@dedecms.com,Female,445560,Russia
Anneliese,Bonnick,abonnick6z@hexun.com,Male,1257,Norway
Coleen,Greenland,cgreenland70@booking.com,Male,,China
Kendal,MacQueen,kmacqueen71@seesaa.net,Female,135 55,Sweden
Tirrell,Habergham,thabergham72@blogs.com,Agender,,China
Adler,Donnison,adonnison73@amazon.co.uk,Male,,Morocco
Alice,McCarrison,amccarrison74@telegraph.co.uk,Female,39120,Mexico
Danila,Robard,drobard75@netscape.com,Agender,,China
Terra,Steward,tsteward76@dailymail.co.uk,Female,142 50,Sweden
Nathanil,Sergant,nsergant77@plala.or.jp,Male,79204 CEDEX,France
Bertie,Camplejohn,bcamplejohn78@vk.com,Female,,China
Kass,Ferres,kferres79@illinois.edu,Female,692438,Russia
Virgil,Castenda,vcastenda7a@ebay.com,Female,,Tanzania
Shauna,Chese,schese7b@china.com.cn,Male,,Jordan
Lynett,Hannay,lhannay7c@edublogs.org,Male,,Ukraine
Bendix,Croser,bcroser7d@opera.com,Male,411 46,Czech Republic
Codi,Hubbucke,chubbucke7e@microsoft.com,Male,47261,Pakistan
Cecile,Upson,cupson7f@princeton.edu,Female,,Greece
Farah,Eastridge,feastridge7g@bbc.co.uk,Female,,Uganda
Miguelita,Bertome,mbertome7h@soundcloud.com,Male,755 01,Czech Republic
Tibold,Kensy,tkensy7i@artisteer.com,Female,11503,Dominican Republic
Anya,Zeplin,azeplin7j@unc.edu,Female,27150,United States
Jeni,Strewther,jstrewther7k@shop-pro.jp,Genderfluid,602 09,Sweden
Anne-corinne,Reavell,areavell7l@icio.us,Female,29020,Mexico
See,Huyge,shuyge7m@thetimes.co.uk,Female,,China
Culver,Bottom,cbottom7n@home.pl,Female,,Indonesia
Chas,Ellins,cellins7o@state.tx.us,Female,,Nicaragua
Leelah,Lehrian,llehrian7p@umn.edu,Male,,Indonesia
Mycah,Casseldine,mcasseldine7q@skype.com,Male,,Ukraine
Elsinore,Stockbridge,estockbridge7r@jimdo.com,Female,,Ukraine
Susanna,Tompion,stompion7s@mit.edu,Male,6344,Philippines
Kore,Ingliby,kingliby7t@vkontakte.ru,Female,92825,United States
Enrico,Crooke,ecrooke7u@google.com.br,Female,,China
Ahmed,Puttnam,aputtnam7v@technorati.com,Genderqueer,,China
Milton,Mayer,mmayer7w@sourceforge.net,Female,,China
Wally,Leopard,wleopard7x@mac.com,Female,3400-696,Portugal
Lulita,Methven,lmethven7y@independent.co.uk,Male,,China
Dianne,Bartley,dbartley7z@jugem.jp,Female,5409,Philippines
Emylee,Kiefer,ekiefer80@dropbox.com,Male,688700,Russia
Arlinda,Alfonsini,aalfonsini81@answers.com,Female,1216,Macedonia
Betsey,Durn,bdurn82@opensource.org,Female,1105,Philippines
Arabela,Costock,acostock83@friendfeed.com,Female,,China
Mord,Falls,mfalls84@globo.com,Female,,China
Anya,Crolla,acrolla85@nydailynews.com,Male,,China
Alonzo,Chrismas,achrismas86@shinystat.com,Female,34230,Thailand
Aldridge,Villalta,avillalta87@gnu.org,Male,16150,Thailand
Worthy,Neame,wneame88@xing.com,Male,331 54,Sweden
Barbara-anne,Delong,bdelong89@spiegel.de,Male,25850-000,Brazil
Zaccaria,Dove,zdove8a@omniture.com,Male,,China
Roddy,Prandi,rprandi8b@umn.edu,Male,,China
Muire,Van den Velden,mvandenvelden8c@soundcloud.com,Female,,China
Kaitlyn,Swinfen,kswinfen8d@smugmug.com,Female,,Uruguay
Curt,Bletcher,cbletcher8e@earthlink.net,Non-binary,1522,Norway
Sheree,Enden,senden8f@domainmarket.com,Male,779-0311,Japan
Tandie,Dufty,tdufty8g@webs.com,Male,,Indonesia
Burch,Reder,breder8h@amazon.co.jp,Female,57155,France
Shurlock,Steabler,ssteabler8i@edublogs.org,Male,,Palestinian Territory
Ignaz,Schuchmacher,ischuchmacher8j@usda.gov,Female,,Kazakhstan
Geno,Spare,gspare8k@icq.com,Male,,Indonesia
Ranee,Chanson,rchanson8l@booking.com,Male,,Indonesia
Cally,Apdell,capdell8m@time.com,Male,,Armenia
Matteo,Tomaino,mtomaino8n@dedecms.com,Female,,China
Brandais,Ellicott,bellicott8o@rambler.ru,Female,,Ukraine
Jan,Reisenberg,jreisenberg8p@etsy.com,Polygender,,China
Florry,MacMaster,fmacmaster8q@ihg.com,Female,,Indonesia
Briggs,Baltzar,bbaltzar8r@prweb.com,Female,140231,Russia
Claudie,Guise,cguise8s@photobucket.com,Female,85200,Pakistan
Chico,Skingle,cskingle8t@rediff.com,Female,,North Korea
Cynde,Gillott,cgillott8u@sun.com,Male,50205,Costa Rica
Ignacius,Colisbe,icolisbe8v@usatoday.com,Female,4325,Philippines
Olenolin,Wenman,owenman8w@multiply.com,Female,96929,Guam
Tania,Yoakley,tyoakley8x@rambler.ru,Male,,Ghana
Lilias,Suttie,lsuttie8y@washingtonpost.com,Male,3012,Norway
Hillery,Millam,hmillam8z@tripadvisor.com,Female,5900,South Africa
Errick,Lahy,elahy90@amazonaws.com,Male,,Indonesia
D'arcy,Seiffert,dseiffert91@bing.com,Bigender,2855-005,Portugal
Muhammad,Lutman,mlutman92@unblog.fr,Female,,Malawi
Gaye,Overy,govery93@cbslocal.com,Female,,Palestinian Territory
Gray,Predohl,gpredohl94@ed.gov,Female,,Tanzania
Raina,Benda,rbenda95@acquirethisname.com,Female,41020,Spain
Welbie,Hinks,whinks96@wsj.com,Female,,China
Annissa,Liversage,aliversage97@craigslist.org,Male,,Indonesia
Idell,Feehery,ifeehery98@wsj.com,Female,,Belarus
Bryna,Brayford,bbrayford99@eepurl.com,Female,68-213,Poland
Joann,Giacomelli,jgiacomelli9a@stumbleupon.com,Female,35605 CEDEX,France
Alie,Taysbil,ataysbil9b@nhs.uk,Genderfluid,,China
Humbert,Janssen,hjanssen9c@ted.com,Female,23242,Croatia
Christabella,Lowten,clowten9d@gravatar.com,Genderfluid,,Sudan
Nataline,Knoble,nknoble9e@joomla.org,Male,17230-000,Brazil
Jarrett,Greenset,jgreenset9f@army.mil,Female,,China
Vernor,O'Hanley,vohanley9g@blogtalkradio.com,Female,606232,Russia
Cos,Cottis,ccottis9h@prweb.com,Male,300-0636,Japan
Bellanca,Tyer,btyer9i@paypal.com,Female,,China
Conan,Wapple,cwapple9j@baidu.com,Female,,Ethiopia
Tades,Borrott,tborrott9k@economist.com,Male,,China
Seymour,Maymond,smaymond9l@goo.gl,Female,,China
Yoshiko,Franklyn,yfranklyn9m@posterous.com,Male,,China
Auberta,Groucock,agroucock9n@reddit.com,Male,5260,Bangladesh
Roch,Thurling,rthurling9o@mozilla.com,Male,18763,United States
Cherey,Dunlap,cdunlap9p@tripod.com,Male,411 36,Sweden
Nichole,Spilsburie,nspilsburie9q@hostgator.com,Bigender,,Kenya
Nil,Mieville,nmieville9r@about.com,Female,H54,Ireland
Silva,Esel,sesel9s@samsung.com,Female,,Indonesia
Darryl,Kubu,dkubu9t@over-blog.com,Female,4620-875,Portugal
Faber,Crennan,fcrennan9u@hibu.com,Female,,Ukraine
Riordan,Ferrick,rferrick9v@meetup.com,Female,1312,Macedonia
Bonita,Danielsen,bdanielsen9w@yelp.com,Female,,North Korea
Ramon,Hutchcraft,rhutchcraft9x@economist.com,Female,,Sierra Leone
Xena,Kerbey,xkerbey9y@mapy.cz,Female,,Central African Republic
Gary,Scoone,gscoone9z@geocities.jp,Male,569 44,Czech Republic
Zachariah,Turtle,zturtlea0@businessinsider.com,Male,,China
Syd,Browning,sbrowninga1@moonfruit.com,Female,,Afghanistan
Abigail,Boeck,aboecka2@sbwire.com,Male,51508,Sri Lanka
Yulma,Warnes,ywarnesa3@yandex.ru,Bigender,,China
Quinn,Derbyshire,qderbyshirea4@icq.com,Female,,Syria
Thornton,Perrott,tperrotta5@bloglines.com,Male,,Honduras
Odie,Guilleton,oguilletona6@bloglines.com,Male,,China
Jerrilyn,Jay,jjaya7@indiegogo.com,Male,,Jamaica
Ardelia,Findlow,afindlowa8@cdc.gov,Female,12305,United States
Rhea,Cawtheray,rcawtheraya9@timesonline.co.uk,Male,,Indonesia
Sonja,Christley,schristleyaa@nydailynews.com,Female,,China
Hallsy,Itzhak,hitzhakab@digg.com,Male,,Serbia
Hermina,Everex,heverexac@nifty.com,Female,4650-127,Portugal
Tania,Manzell,tmanzellad@examiner.com,Female,,China
Logan,Yurkevich,lyurkevichae@twitter.com,Female,,China
Belita,McPolin,bmcpolinaf@wix.com,Female,23242,Croatia
Livvy,Bunyard,lbunyardag@goo.ne.jp,Male,,Peru
Griswold,Kynd,gkyndah@nymag.com,Male,169635,Russia
Reidar,Yashaev,ryashaevai@sohu.com,Female,N5H,Canada
Celestyna,Blakes,cblakesaj@miitbeian.gov.cn,Male,649792,Russia
Brandice,Karp,bkarpak@joomla.org,Female,37942 CEDEX 9,France
Barbee,Ireland,birelandal@eepurl.com,Female,,China
Damara,Dymick,ddymickam@jalbum.net,Male,,Indonesia
Costa,Rhoddie,crhoddiean@craigslist.org,Male,,China
Celesta,Bereford,cberefordao@businessweek.com,Male,,China
Eben,Neller,enellerap@msn.com,Female,2785-220,Portugal
Gretta,Reims,greimsaq@theguardian.com,Male,,China
Shelley,Reedyhough,sreedyhoughar@creativecommons.org,Female,K67,Ireland
Graig,Wooderson,gwoodersonas@i2i.jp,Bigender,742 13,Czech Republic
Trefor,Scorthorne,tscorthorneat@behance.net,Female,,Latvia
Tarra,Cargenven,tcargenvenau@mozilla.org,Male,08-330,Poland
Basilio,Cadell,bcadellav@example.com,Male,,Jordan
Leo,Jeandillou,ljeandillouaw@bizjournals.com,Female,,North Korea
Tim,Kelwaybamber,tkelwaybamberax@businessweek.com,Bigender,16200-000,Brazil
Gustavo,Motto,gmottoay@dropbox.com,Female,4335,Philippines
Clarisse,Duigan,cduiganaz@house.gov,Female,90150,Pakistan
Barbie,Raycroft,braycroftb0@lulu.com,Male,301262,Russia
Tait,Deinert,tdeinertb1@webs.com,Female,676058,Russia
Conrado,Glas,cglasb2@mediafire.com,Female,34-211,Poland
Wilt,Signe,wsigneb3@marriott.com,Male,,China
Nial,Piggen,npiggenb4@eepurl.com,Female,,China
Willem,Sapsforde,wsapsfordeb5@gravatar.com,Female,,Syria
Bern,Redgrove,bredgroveb6@ning.com,Male,,Cameroon
Aryn,Zorro,azorrob7@clickbank.net,Male,,Oman
Efren,Sleeford,esleefordb8@npr.org,Male,520039,Colombia
Porty,Orbon,porbonb9@timesonline.co.uk,Female,1556,Denmark
Kelwin,Pryell,kpryellba@squarespace.com,Female,999-8241,Japan
Marco,Crewther,mcrewtherbb@patch.com,Female,4715-477,Portugal
Marcela,Spinozzi,mspinozzibc@comcast.net,Male,5611,Philippines
Antonin,Speir,aspeirbd@diigo.com,Female,378 33,Czech Republic
Marietta,Maykin,mmaykinbe@nih.gov,Female,6132,Argentina
Lira,Milhench,lmilhenchbf@ucla.edu,Female,153 31,Sweden
Nessie,Nansom,nnansombg@jalbum.net,Female,,Greece
Gwenora,Meneux,gmeneuxbh@google.es,Female,,China
Breena,Charlton,bcharltonbi@disqus.com,Female,,China
Leland,Skitral,lskitralbj@google.ca,Female,243126,Russia
Jodi,Boram,jborambk@independent.co.uk,Genderfluid,361603,Russia
Rosco,Staley,rstaleybl@google.co.jp,Male,89201,Finland
Elyn,Van der Beek,evanderbeekbm@blogtalkradio.com,Agender,,Yemen
Nev,Verissimo,nverissimobn@imgur.com,Female,,Belarus
Harper,Harken,hharkenbo@microsoft.com,Male,,Vietnam
Maridel,Bentsen,mbentsenbp@army.mil,Genderqueer,,China
Drusie,Hallum,dhallumbq@twitter.com,Female,346530,Russia
Angil,Prowting,aprowtingbr@wikipedia.org,Male,63-600,Poland
Dave,Pyner,dpynerbs@reverbnation.com,Female,91130,Thailand
Deonne,Sutworth,dsutworthbt@yolasite.com,Male,,Morocco
Davis,Long,dlongbu@multiply.com,Female,,Latvia
Lindsey,De Cleen,ldecleenbv@msn.com,Male,,Mauritius
Buiron,Ancliff,bancliffbw@latimes.com,Female,,Ukraine
Renaldo,Layborn,rlaybornbx@ucoz.com,Female,,China
Nicolette,Rasch,nraschby@timesonline.co.uk,Male,,Nepal
Olenolin,Ciobutaro,ociobutarobz@photobucket.com,Male,3708,Philippines
Berkly,Longman,blongmanc0@simplemachines.org,Female,69639 CEDEX,France
Ottilie,Chitson,ochitsonc1@wikimedia.org,Male,,China
Tatiania,Carvill,tcarvillc2@mit.edu,Male,7866,New Zealand
Harv,Amori,hamoric3@hatena.ne.jp,Male,,Kazakhstan
Maximilian,Giovannacc@i,mgiovannaccic4@ning.com,Female,,China
Verge,Jones,vjonesc5@quantcast.com,Male,J7G,Canada
Gerik,Petrulis,gpetrulisc6@businesswire.com,Agender,,China
Felice,O'Sherin,fosherinc7@theglobeandmail.com,Female,,China
Rodger,Gimert,rgimertc8@senate.gov,Agender,,Venezuela
Aldridge,Beadnell,abeadnellc9@google.fr,Female,,Indonesia
Wylma,Waszczykowski,wwaszczykowskica@newsvine.com,Male,,Cambodia
Jacynth,Naisbitt,jnaisbittcb@mysql.com,Male,10607,Costa Rica
Miguela,Desouza,mdesouzacc@goo.gl,Male,05-820,Poland
Diarmid,Watkins,dwatkinscd@nps.gov,Female,,China
Ethel,Norfolk,enorfolkce@vkontakte.ru,Female,08-455,Poland
Cyrillus,Gullyes,cgullyescf@ning.com,Male,,China
Nari,Jocic,njociccg@google.ca,Bigender,10109,Dominican Republic
Ivett,Trapp,itrappch@feedburner.com,Male,62840-000,Brazil
Merrill,Baltzar,mbaltzarci@plala.or.jp,Male,,China
Ade,Shippey,ashippeycj@tumblr.com,Male,,Afghanistan
Sybila,Kliemchen,skliemchenck@google.nl,Male,3262,Argentina
Frederick,Kabisch,fkabischcl@altervista.org,Male,,China
Ibrahim,Benettelli,ibenettellicm@vimeo.com,Male,52915 CEDEX 9,France
Davide,Gwalter,dgwaltercn@sciencedaily.com,Female,,Uzbekistan
Lin,Gascard,lgascardco@dropbox.com,Male,22120,Thailand
Kassey,Crutcher,kcrutchercp@howstuffworks.com,Female,,Venezuela
Zarla,Dehn,zdehncq@marketwatch.com,Male,,Libya
Greer,Igo,gigocr@github.com,Female,4940-025,Portugal
Leigh,Jerrans,ljerranscs@who.int,Female,676058,Russia
Rea,Geratasch,rgerataschct@elegantthemes.com,Male,,China
Dolf,Hebron,dhebroncu@bbc.co.uk,Agender,,China
Jermayne,Schowenburg,jschowenburgcv@ftc.gov,Female,5470,Argentina
Muffin,Kaes,mkaescw@slashdot.org,Female,,China
Kacy,Leyban,kleybancx@time.com,Non-binary,,Ghana
Rosmunda,Postin,rpostincy@marriott.com,Female,,China
Clea,Gilhespy,cgilhespycz@cnn.com,Male,,Syria
Jessa,Mewe,jmewed0@taobao.com,Female,,Jamaica
Zea,Siddele,zsiddeled1@china.com.cn,Male,76630-000,Brazil
Dani,Hadye,dhadyed2@sourceforge.net,Male,,North Korea
Joyous,Keggin,jkeggind3@un.org,Female,,Yemen
Morissa,Dingle,mdingled4@ucoz.com,Male,252 28,Czech Republic
Alina,McAughtrie,amcaughtried5@toplist.cz,Male,1477,Philippines
Gregory,Ramalhete,gramalheted6@nydailynews.com,Female,,Republic of the Congo
Joellyn,Connett,jconnettd7@squidoo.com,Non-binary,56000,Thailand
Keene,Grangier,kgrangierd8@oaic.gov.au,Female,,Morocco
Westbrook,Baker,wbakerd9@webmd.com,Male,,China
Ritchie,Wardingly,rwardinglyda@123-reg.co.uk,Female,10803,Costa Rica
Emily,Lambourne,elambournedb@com.com,Female,,Belarus
Cheryl,Paynton,cpayntondc@wordpress.com,Female,444 32,Sweden
Denys,La Grange,dlagrangedd@marketwatch.com,Male,999-7638,Japan
Fran,Ashbolt,fashboltde@opera.com,Female,,Mali
Grazia,Breckon,gbreckondf@go.com,Female,,Vietnam
Martie,Lavrick,mlavrickdg@indiatimes.com,Female,,China
Tanitansy,D'Avaux,tdavauxdh@princeton.edu,Female,,China
Eunice,Piletic,epileticdi@over-blog.com,Agender,,Vietnam
Elfrieda,MacCarroll,emaccarrolldj@twitter.com,Male,33709 CEDEX,France
Trudi,Harrow,tharrowdk@ted.com,Bigender,7740,South Africa
Rodney,Lind,rlinddl@goodreads.com,Female,,Jordan
Moshe,Kerss,mkerssdm@bravesites.com,Female,,Indonesia
Gayle,Magowan,gmagowandn@comsenz.com,Male,442443,Russia
Leilah,Scala,lscalado@google.com.au,Non-binary,,Tajikistan
Arte,Jedrzejewicz,ajedrzejewiczdp@liveinternet.ru,Female,3540,New Zealand
Jenine,Garber,jgarberdq@dailymail.co.uk,Female,162176,Russia
Martica,Naerup,mnaerupdr@virginia.edu,Male,3116,Philippines
Pier,Bayly,pbaylyds@lycos.com,Male,614534,Russia
Connie,Birdfield,cbirdfielddt@hp.com,Female,13220-000,Brazil
Arin,Vittori,avittoridu@example.com,Male,739-0559,Japan
Perry,Spering,psperingdv@arstechnica.com,Female,,Indonesia
Roxane,Wanstall,rwanstalldw@chron.com,Male,973 41,Sweden
Silvio,Bounde,sboundedx@csmonitor.com,Female,,China
Thelma,Vaulkhard,tvaulkharddy@latimes.com,Female,96570-000,Brazil
Robin,Blaw,rblawdz@flickr.com,Female,6217,Philippines
Joscelin,Waddam,jwaddame0@shutterfly.com,Female,,Egypt
Marlie,Matthewes,mmatthewese1@who.int,Female,87046 CEDEX 1,France
Lissie,Piotrowski,lpiotrowskie2@salon.com,Male,,Morocco
Sidney,Ledgeway,sledgewaye3@prlog.org,Bigender,,Tanzania
Farrah,Pettiford,fpettiforde4@edublogs.org,Male,,China
Will,Spuffard,wspuffarde5@chron.com,Female,36121,Pakistan
Calv,Ramel,cramele6@reference.com,Male,,Panama
Kynthia,Rojahn,krojahne7@dmoz.org,Male,445560,Russia
Arlyne,Sartin,asartine8@com.com,Female,29404 CEDEX,France
Nicko,Beney,nbeneye9@trellian.com,Female,,Botswana
Tadeas,Chantree,tchantreeea@bbc.co.uk,Female,,North Korea
Tiffany,Pinn,tpinneb@marketwatch.com,Female,63409 CEDEX,France
Cathrine,Duinbleton,cduinbletonec@apache.org,Male,,Greece
Rodie,Dymick,rdymicked@uiuc.edu,Male,184606,Russia
Ignaz,Trevaskiss,itrevaskissee@elegantthemes.com,Female,,Indonesia
Daisy,Hamflett,dhamflettef@microsoft.com,Female,,China
Ryan,Bullas,rbullaseg@wired.com,Female,,Bosnia and Herzegovina
Brennen,Drable,bdrableeh@1688.com,Male,860008,Colombia
Lyell,Melesk,lmeleskei@soup.io,Polygender,77090,United States
Barnard,Ubsdell,bubsdellej@springer.com,Female,,Uzbekistan
Mattie,Roebottom,mroebottomek@studiopress.com,Female,13807 CEDEX,France
Deena,Brigham,dbrighamel@amazon.de,Non-binary,,Azerbaijan
Valery,Morrieson,vmorriesonem@oaic.gov.au,Bigender,,Kosovo
Ulysses,Blagdon,ublagdonen@sciencedirect.com,Female,,Samoa
Adler,Lamball,alamballeo@joomla.org,Female,98828,New Caledonia
Maurene,Burchett,mburchettep@admin.ch,Female,5202,Philippines
Gunter,Oxberry,goxberryeq@skyrock.com,Male,,Indonesia
Jerry,Brugden,jbrugdener@sbwire.com,Male,,Jamaica
Revkah,Vern,rvernes@miitbeian.gov.cn,Female,56250-000,Brazil
Rockey,Boniface,rbonifaceet@a8.net,Male,,El Salvador
Mallorie,Amberger,mambergereu@wsj.com,Male,118 55,Sweden
Kenn,Woodrup,kwoodrupev@hp.com,Male,7219,Bulgaria
Hendrika,MacKee,hmackeeew@blogger.com,Male,10109,Dominican Republic
Stillmann,Moneypenny,smoneypennyex@elpais.com,Female,613840,Russia
Stanislas,Ecles,seclesey@ezinearticles.com,Male,,China
Bradley,Macauley,bmacauleyez@amazon.co.jp,Female,740,Iceland
Amanda,Pellett,apellettf0@independent.co.uk,Female,763008,Colombia
Colman,Comino,ccominof1@nasa.gov,Female,24-170,Poland
Stefan,Saura,ssauraf2@histats.com,Female,,Nepal
Ryley,Fidgeon,rfidgeonf3@si.edu,Female,,Panama
Erica,Otley,eotleyf4@hp.com,Genderqueer,549 06,Sweden
Tessa,Stollwerck,tstollwerckf5@google.de,Female,,China
Appolonia,Kippling,akipplingf6@purevolume.com,Male,80-893,Poland
Lilias,Callender,lcallenderf7@chronoengine.com,Male,15561,Finland
Foster,Gleeson,fgleesonf8@purevolume.com,Male,4400-005,Portugal
Nessi,Chad,nchadf9@howstuffworks.com,Female,,China
Romeo,Maude,rmaudefa@t-online.de,Male,88-420,Poland
Jorrie,Geach,jgeachfb@economist.com,Female,,China
Lucien,Huxton,lhuxtonfc@cnn.com,Male,,China
Germaine,Titmuss,gtitmussfd@nasa.gov,Male,,Indonesia
Modestia,Leopold,mleopoldfe@alexa.com,Female,,Peru
Tedra,Ourry,tourryff@goo.ne.jp,Female,,China
Vikky,Doddridge,vdoddridgefg@chron.com,Male,4905-266,Portugal
George,Corker,gcorkerfh@dagondesign.com,Female,708-1124,Japan
Robbie,Gallaher,rgallaherfi@linkedin.com,Male,,China
Gabriele,Forst,gforstfj@prnewswire.com,Female,J0J,Canada
Jacinda,Phalp,jphalpfk@unicef.org,Female,,Ukraine
Marcos,Ackrill,mackrillfl@moonfruit.com,Male,,China
Dion,Sussans,dsussansfm@usa.gov,Male,,China
Engracia,Divill,edivillfn@over-blog.com,Male,T5K,Canada
Alonzo,Goodinge,agoodingefo@utexas.edu,Male,65211,United States
Carla,Doick,cdoickfp@shareasale.com,Male,993-0073,Japan
Hadleigh,Grewe,hgrewefq@technorati.com,Female,,Sudan
Mervin,Elman,melmanfr@ameblo.jp,Female,,Vietnam
Jannel,Gosland,jgoslandfs@google.de,Female,,China
Alix,Benz,abenzft@dailymotion.com,Female,32050,Mexico
Merv,Kynge,mkyngefu@liveinternet.ru,Male,10020,Croatia
Margarete,Kohter,mkohterfv@netlog.com,Male,,Nigeria
Quentin,Marczyk,qmarczykfw@dion.ne.jp,Polygender,,China
Alikee,MacFadyen,amacfadyenfx@bloomberg.com,Male,E1A,Canada
Betti,Sandels,bsandelsfy@alexa.com,Female,,Bosnia and Herzegovina
Xaviera,Cammis,xcammisfz@wp.com,Male,,Indonesia
Jacki,Signoret,jsignoretg0@people.com.cn,Female,6804,Philippines
Anson,Stileman,astilemang1@zimbio.com,Male,83300,France
Kaylyn,Harbron,kharbrong2@newyorker.com,Female,,China
Mead,Scripps,mscrippsg3@seesaa.net,Male,4635-522,Portugal
Boy,Baffin,bbaffing4@bloglovin.com,Female,,China
Wilburt,Bernadzki,wbernadzkig5@epa.gov,Female,,Zambia
Izak,Bragginton,ibraggintong6@nymag.com,Male,,China
Trisha,Vella,tvellag7@house.gov,Female,150477,Colombia
Rasla,Padkin,rpadking8@arizona.edu,Female,679-4324,Japan
Raviv,Haffard,rhaffardg9@rediff.com,Male,,China
Padget,Brammall,pbrammallga@reverbnation.com,Male,631-0034,Japan
Dayle,Dering,dderinggb@spiegel.de,Female,2423,Macedonia
Valli,Mac Giany,vmacgianygc@wisc.edu,Male,2080-006,Portugal
Sarita,Stango,sstangogd@cbc.ca,Female,311,Iceland
Jojo,Moxham,jmoxhamge@google.com.br,Female,678831,Russia
Thor,Doe,tdoegf@chronoengine.com,Male,P75,Ireland
Say,Dunkersley,sdunkersleygg@java.com,Female,5009,Philippines
Jeramie,Scrivinor,jscrivinorgh@oakley.com,Female,,Cameroon
Reginald,Kmietsch,rkmietschgi@parallels.com,Female,D04,Ireland
Mortie,Gariff,mgariffgj@nytimes.com,Male,,China
Isabella,Vondra,ivondragk@sogou.com,Female,,Venezuela
Joyous,Toderi,jtoderigl@fastcompany.com,Male,6548,Philippines
Amie,O'Reilly,aoreillygm@aol.com,Female,,China
Meredeth,Axup,maxupgn@nyu.edu,Male,,China
Reine,Massei,rmasseigo@feedburner.com,Male,,Afghanistan
Eddi,Sallings,esallingsgp@mail.ru,Male,74999 CEDEX 9,France
Hazel,Kearford,hkearfordgq@storify.com,Male,6404,Philippines
Allissa,Malitrott,amalitrottgr@vk.com,Male,170513,Russia
Armin,Elfleet,aelfleetgs@hatena.ne.jp,Male,,Armenia
Dewitt,Ciottoi,dciottoigt@bravesites.com,Male,,Samoa
Giordano,Sockell,gsockellgu@domainmarket.com,Bigender,2245,New Zealand
Lay,Lambal,llambalgv@techcrunch.com,Female,,Peru
Ario,Luten,alutengw@live.com,Genderqueer,768 21,Czech Republic
Nichols,Snary,nsnarygx@webeden.co.uk,Genderqueer,21061 CEDEX,France
Natasha,Werndley,nwerndleygy@people.com.cn,Male,,Kosovo
Eduard,Harcus,eharcusgz@alexa.com,Male,3850,South Africa
Yevette,Minghetti,yminghettih0@so-net.ne.jp,Male,,China
Lora,Flaonier,lflaonierh1@blogs.com,Male,2505,Argentina
Myrlene,Bagnold,mbagnoldh2@xrea.com,Female,35540-000,Brazil
Karen,Megahey,kmegaheyh3@homestead.com,Female,98910-000,Brazil
Agustin,Dwine,adwineh4@drupal.org,Male,,China
Jessamine,Struttman,jstruttmanh5@tiny.cc,Female,75710,United States
Ware,Gorler,wgorlerh6@washingtonpost.com,Male,2000,Macedonia
Binni,Biddlestone,bbiddlestoneh7@google.com.hk,Polygender,,China
Branden,Chastanet,bchastaneth8@friendfeed.com,Female,,Indonesia
Anette,Allabush,aallabushh9@twitpic.com,Female,,Ukraine
Arlina,Tousey,atouseyha@nih.gov,Male,,Mongolia
Marjory,Kopke,mkopkehb@auda.org.au,Male,1706,Philippines
Morty,Dutteridge,mdutteridgehc@nytimes.com,Female,4720-551,Portugal
Kendall,Everwin,keverwinhd@army.mil,Male,,Trinidad and Tobago
Harlie,Moffat,hmoffathe@wikispaces.com,Male,,Indonesia
Cate,Aistrop,caistrophf@ft.com,Female,,Indonesia
Cary,Skase,cskasehg@weebly.com,Male,,Indonesia
Ximenez,Bolsteridge,xbolsteridgehh@xing.com,Male,3501,Philippines
Yoshiko,Vigietti,yvigiettihi@go.com,Male,,China
Ellary,Mardling,emardlinghj@google.es,Male,8209,Philippines
Valenka,MacCosty,vmaccostyhk@people.com.cn,Male,,Estonia
Silvanus,Lapre,slaprehl@sourceforge.net,Female,,China
Kissee,ducarme,kducarmehm@360.cn,Female,MD-5840,Moldova
Karlen,Shenton,kshentonhn@ucoz.ru,Female,,China
Zarah,Rotte,zrotteho@mozilla.com,Male,,Indonesia
Liuka,Roscrigg,lroscrigghp@elegantthemes.com,Female,,Kazakhstan
Faith,Rawlin,frawlinhq@123-reg.co.uk,Female,69-210,Poland
Nigel,Heam,nheamhr@slashdot.org,Female,,China
Linea,Sherme,lshermehs@japanpost.jp,Female,,Nigeria
Angie,Gambie,agambieht@reference.com,Female,171679,Russia
Elana,Guittet,eguittethu@reddit.com,Female,,Indonesia
Gwenore,Barday,gbardayhv@tripod.com,Male,37705 CEDEX,France
Thurstan,Mecozzi,tmecozzihw@soup.io,Male,,Swaziland
Westbrooke,Vel,wvelhx@purevolume.com,Male,,Cyprus
Sydney,Linner,slinnerhy@tinyurl.com,Female,675 28,Czech Republic
Chan,Stranahan,cstranahanhz@intel.com,Male,77065,United States
Farly,Loughead,flougheadi0@hugedomains.com,Male,,Albania
Ulises,Maisey,umaiseyi1@cam.ac.uk,Male,57-250,Poland
Ruthi,Cleft,rclefti2@dion.ne.jp,Agender,62823-000,Brazil
Xavier,Sherrott,xsherrotti3@dyndns.org,Male,666 32,Sweden
Gloria,Draper,gdraperi4@jalbum.net,Male,,China
Kelly,Koppel,kkoppeli5@deliciousdays.com,Bigender,378 33,Czech Republic
Andre,Rowaszkiewicz,arowaszkiewiczi6@psu.edu,Male,3810,Philippines
Creighton,Kenset,ckenseti7@homestead.com,Male,,Indonesia
Sterne,Wigfield,swigfieldi8@princeton.edu,Female,,China
Karrie,Elesander,kelesanderi9@ted.com,Female,,Indonesia
Sullivan,Bamforth,sbamforthia@businessinsider.com,Polygender,238703,Russia
Germayne,Lipprose,glipproseib@acquirethisname.com,Female,97-217,Poland
Ulick,Crudge,ucrudgeic@bloglovin.com,Female,251 63,Czech Republic
Vinny,Skitt,vskittid@umn.edu,Female,,Indonesia
Iorgo,Lavender,ilavenderie@webmd.com,Male,16124,Italy
Talia,Aldwich,taldwichif@about.me,Female,,China
Karee,McCreery,kmccreeryig@techcrunch.com,Female,421-3305,Japan
Halli,Andriolli,handriolliih@photobucket.com,Female,L-6380,Luxembourg
Ashleigh,Heifer,aheiferii@wunderground.com,Female,97670-000,Brazil
Aurea,MacMechan,amacmechanij@umn.edu,Female,39-107,Poland
Ignatius,Elsdon,ielsdonik@wikia.com,Male,,Indonesia
Jillayne,Eskriett,jeskriettil@biblegateway.com,Male,,Burkina Faso
Gerry,Knibb,gknibbim@google.co.jp,Male,28205 CEDEX,France
Minny,Burnapp,mburnappin@marriott.com,Male,,Indonesia
Modesta,Pitrasso,mpitrassoio@hatena.ne.jp,Male,,Madagascar
Kelly,Duddin,kduddinip@noaa.gov,Genderqueer,1497,South Africa
Caresse,Erswell,cerswelliq@miitbeian.gov.cn,Female,,Equatorial Guinea
Baron,Gwin,bgwinir@yellowpages.com,Male,054028,Colombia
Teodoor,Densell,tdensellis@webeden.co.uk,Non-binary,3609,Philippines
Hettie,M'Quhan,hmquhanit@deliciousdays.com,Male,62-050,Poland
Hagan,Dyzart,hdyzartiu@bbb.org,Male,2430-084,Portugal
Shanie,Vernau,svernauiv@desdev.cn,Male,,China
Maggie,McOmish,mmcomishiw@zimbio.com,Male,,Indonesia
Ines,Hintze,ihintzeix@hubpages.com,Male,80130,Thailand
Hakim,Hardwich,hhardwichiy@infoseek.co.jp,Male,26003 CEDEX,France
Xever,Sail,xsailiz@icq.com,Genderfluid,7106,Philippines
Sybille,Symcock,ssymcockj0@amazon.de,Male,140577,Russia
Stephi,Scrivener,sscrivenerj1@privacy.gov.au,Female,,Indonesia
Mannie,Tallet,mtalletj2@cam.ac.uk,Male,,Jordan
Fons,Burnside,fburnsidej3@bing.com,Male,,China
Asia,Epinoy,aepinoyj4@sina.com.cn,Male,,Ukraine
Gasper,Pringuer,gpringuerj5@t.co,Male,140482,Russia
Sheela,Goudard,sgoudardj6@parallels.com,Male,37072 CEDEX 2,France
Alayne,Leadbeater,aleadbeaterj7@vkontakte.ru,Male,7681,South Africa
Clemente,MacAndreis,cmacandreisj8@naver.com,Male,1715,Philippines
Orren,McIntee,omcinteej9@merriam-webster.com,Female,89-412,Poland
Percival,Grieger,pgriegerja@oakley.com,Female,98124,Italy
Rania,Spinks,rspinksjb@noaa.gov,Female,0581,Norway
Leisha,Vondra,lvondrajc@artisteer.com,Male,,Peru
Sherry,Gunney,sgunneyjd@loc.gov,Female,,Indonesia
Muire,Ledford,mledfordje@homestead.com,Female,,Nigeria
Orlan,Dowsey,odowseyjf@1688.com,Male,,Indonesia
Trstram,Bussell,tbusselljg@hugedomains.com,Male,95422,Mexico
Maurice,Pyvis,mpyvisjh@stanford.edu,Female,,Indonesia
Kile,Koubek,kkoubekji@sourceforge.net,Male,,Indonesia
Ivette,Dignam,idignamjj@cocolog-nifty.com,Genderfluid,95072 CEDEX 1,France
Julieta,Sanbrooke,jsanbrookejk@linkedin.com,Male,97755-000,Brazil
Annabelle,Freke,afrekejl@macromedia.com,Non-binary,9760-016,Portugal
George,Idell,gidelljm@ox.ac.uk,Male,175007,Colombia
Sheffie,Van Leijs,svanleijsjn@infoseek.co.jp,Female,8000,Bulgaria
Milzie,Tobias,mtobiasjo@bloglovin.com,Male,,China
Emilee,Lahiff,elahiffjp@hubpages.com,Male,,China
Charmine,Jakes,cjakesjq@sun.com,Male,957-0048,Japan
Lottie,Hundy,lhundyjr@dailymotion.com,Male,40070,Mexico
Catrina,Dullingham,cdullinghamjs@mozilla.com,Female,,Ghana
Germaine,Stothard,gstothardjt@google.ru,Female,987-0058,Japan
Dmitri,Mecozzi,dmecozziju@cocolog-nifty.com,Male,,Peru
Russ,Gundry,rgundryjv@mapquest.com,Female,1841,South Africa
Emiline,Geely,egeelyjw@istockphoto.com,Female,36-042,Poland
Breanne,Messager,bmessagerjx@jugem.jp,Male,37564-000,Brazil
Locke,Koschek,lkoschekjy@marriott.com,Female,,Saint Vincent and the Grenadines
Orren,Cattellion,ocattellionjz@xinhuanet.com,Female,,Indonesia
Temp,Danihelka,tdanihelkak0@gnu.org,Female,4750-654,Portugal
Philly,Clingan,pclingank1@columbia.edu,Male,21-200,Poland
Debby,Bartelet,dbarteletk2@archive.org,Female,,China
Jeanine,Luna,jlunak3@hp.com,Female,,Jordan
Jermaine,Daldry,jdaldryk4@twitpic.com,Male,85936,Mexico
Gabbi,Klimowski,gklimowskik5@macromedia.com,Male,,Ukraine
Kasey,Amiss,kamissk6@apache.org,Female,,China
Daron,Flamank,dflamankk7@last.fm,Male,,Ukraine
Leonanie,Grellis,lgrellisk8@google.com.br,Female,,Kenya
Gail,Symon,gsymonk9@nbcnews.com,Female,35574 CEDEX,France
Aviva,Lanning,alanningka@youtube.com,Genderqueer,,Iran
Elwood,Dougliss,edouglisskb@behance.net,Male,3450-205,Portugal
Corny,Tipton,ctiptonkc@biblegateway.com,Female,414009,Colombia
Calla,Frier,cfrierkd@un.org,Male,,Vietnam
Gun,Lipyeat,glipyeatke@cam.ac.uk,Bigender,,China
Von,Bortolutti,vbortoluttikf@google.ru,Female,,Peru
John,Yurenin,jyureninkg@epa.gov,Male,425239,Russia
Luke,Mumm,lmummkh@rakuten.co.jp,Male,T34,Ireland
Alvera,Hansard,ahansardki@qq.com,Male,368160,Russia
Rorke,Hearst,rhearstkj@over-blog.com,Female,396340,Russia
Cy,Janacek,cjanacekkk@elegantthemes.com,Male,,Greece
Ricoriki,Saulter,rsaulterkl@microsoft.com,Female,6419,Philippines
Roana,Ciciotti,rciciottikm@yellowpages.com,Female,,China
Cesare,Cusworth,ccusworthkn@salon.com,Female,4406,Philippines
Margarita,Alsford,malsfordko@mtv.com,Female,,Oman
Teri,Wellfare,twellfarekp@eventbrite.com,Male,140306,Russia
Yoshiko,Ricoald,yricoaldkq@sogou.com,Female,48-120,Poland
Coreen,Chicchetto,cchicchettokr@techcrunch.com,Female,,Peru
Twila,Lepper,tlepperks@tumblr.com,Female,,Peru
Maynard,Blumire,mblumirekt@princeton.edu,Male,664 43,Czech Republic
Earlie,Serchwell,eserchwellku@boston.com,Male,92864 CEDEX 9,France
Walton,Piris,wpiriskv@techcrunch.com,Female,18-421,Poland
Brigg,Tieman,btiemankw@dmoz.org,Genderqueer,3352,New Zealand
Georgette,Renforth,grenforthkx@indiatimes.com,Male,,China
Sayres,Wooller,swoollerky@archive.org,Polygender,,China
Diandra,Owenson,dowensonkz@nytimes.com,Female,13425 CEDEX 12,France
Chickie,Shade,cshadel0@ted.com,Female,747 20,Czech Republic
Shawn,Yankeev,syankeevl1@businessweek.com,Female,,Greece
Brinna,Wonfar,bwonfarl2@state.gov,Female,,Tanzania
Ellette,Philo,ephilol3@phpbb.com,Male,1213,Australia
Con,Linsay,clinsayl4@psu.edu,Male,,China
Amalia,Jaquest,ajaquestl5@plala.or.jp,Female,,China
Cissiee,Vokins,cvokinsl6@chronoengine.com,Female,67-101,Poland
Dinah,Ellard,dellardl7@ocn.ne.jp,Female,91210,United States
Miriam,Hully,mhullyl8@google.co.uk,Male,47302,Croatia
Delainey,Hinners,dhinnersl9@statcounter.com,Male,,Syria
Xymenes,Hogbourne,xhogbournela@census.gov,Female,,Ecuador
Ingrid,Beaton,ibeatonlb@disqus.com,Male,,Indonesia
Wynny,Gammie,wgammielc@ovh.net,Male,,Indonesia
Pincus,Knight,pknightld@cbslocal.com,Male,94000-000,Brazil
Heida,Noirel,hnoirelle@buzzfeed.com,Male,74009 CEDEX,France
Mano,Gresser,mgresserlf@tamu.edu,Male,,Greece
Gasparo,Campbell-Dunlop,gcampbelldunloplg@dedecms.com,Female,,Ukraine
Raimundo,Berrisford,rberrisfordlh@latimes.com,Male,,Indonesia
Hertha,De Dantesie,hdedantesieli@microsoft.com,Male,4751,Argentina
Elwood,Stilling,estillinglj@economist.com,Female,,China
Kearney,Lapping,klappinglk@auda.org.au,Female,113 03,Sweden
Putnam,Louca,ploucall@economist.com,Female,988-0607,Japan
Audrie,Pascow,apascowlm@ucoz.com,Male,6809,Philippines
Rik,Parcall,rparcallln@army.mil,Female,,China
Skippie,Petraitis,spetraitislo@dailymail.co.uk,Male,15001,Guatemala
Kelsi,Molines,kmolineslp@techcrunch.com,Male,435 84,Sweden
Berty,Targett,btargettlq@yellowpages.com,Male,05-092,Poland
Kameko,Mechem,kmechemlr@microsoft.com,Male,T9H,Canada
Erl,Condon,econdonls@abc.net.au,Female,32825,United States
Flemming,Van Waadenburg,fvanwaadenburglt@cbc.ca,Female,,China
Nikolas,Sabater,nsabaterlu@linkedin.com,Polygender,2285,South Africa
Garvey,Betjeman,gbetjemanlv@europa.eu,Male,,Vietnam
Nicolai,Carding,ncardinglw@chicagotribune.com,Female,,Afghanistan
Stoddard,Vigar,svigarlx@google.co.uk,Polygender,,China
Elita,Golling,egollingly@themeforest.net,Male,,China
Erich,Behne,ebehnelz@ycombinator.com,Female,,Sudan
Ninon,Grassett,ngrassettm0@cbc.ca,Male,13490-000,Brazil
Oran,Vido,ovidom1@about.me,Female,687 22,Czech Republic
Patience,Tunkin,ptunkinm2@people.com.cn,Female,11301,Dominican Republic
Betsey,Perrett,bperrettm3@nifty.com,Male,5020,Philippines
Rodolphe,Evans,revansm4@illinois.edu,Female,05-822,Poland
Ian,Arrundale,iarrundalem5@disqus.com,Male,,Uganda
Ceil,Beedham,cbeedhamm6@cisco.com,Female,58122,United States
Cornie,McClunaghan,cmcclunaghanm7@imgur.com,Female,43120,Thailand
Glyn,Brazenor,gbrazenorm8@reverbnation.com,Female,,Indonesia
Nicholas,Ferrotti,nferrottim9@mysql.com,Polygender,457229,Russia
Hildegaard,Lattey,hlatteyma@digg.com,Female,,China
Arluene,Proger,aprogermb@wordpress.com,Male,,China
Ruddy,Cobbe,rcobbemc@domainmarket.com,Female,87-321,Poland
Toinette,Beecroft,tbeecroftmd@e-recht24.de,Female,8328,Argentina
Tiffanie,O' Reagan,toreaganme@blogspot.com,Female,71109 CEDEX,France
Natalee,Kimmince,nkimmincemf@yolasite.com,Female,,Indonesia
Tatiania,Ledingham,tledinghammg@answers.com,Genderqueer,2307,Philippines
Rona,Cremer,rcremermh@flavors.me,Female,,China
Avivah,Siemons,asiemonsmi@time.com,Female,,China
Malachi,McLanachan,mmclanachanmj@godaddy.com,Female,4707,Philippines
Victor,Leyrroyd,vleyrroydmk@homestead.com,Female,33480,Finland
Merell,Trays,mtraysml@nba.com,Female,N7V,Canada
Shel,Faulder,sfauldermm@symantec.com,Genderfluid,,Chile
Brigham,Milsted,bmilstedmn@wufoo.com,Bigender,,China
Fania,Maskew,fmaskewmo@examiner.com,Male,,Indonesia
Thorpe,Tebbitt,ttebbittmp@state.tx.us,Polygender,,Indonesia
Morganica,Gulleford,mgullefordmq@com.com,Female,88541,United States
Juliana,Mahy,jmahymr@marriott.com,Polygender,,Democratic Republic of the Congo
Dunstan,Scones,dsconesms@opensource.org,Male,,China
Howey,Bunclark,hbunclarkmt@who.int,Male,,China
Marijn,Dottrell,mdottrellmu@github.io,Female,,China
Collete,Misselbrook,cmisselbrookmv@pbs.org,Male,79491,United States
Edithe,Handrek,ehandrekmw@aboutads.info,Female,29830-000,Brazil
Kippy,Mattioli,kmattiolimx@ow.ly,Female,155219,Colombia
Gregor,Pabst,gpabstmy@buzzfeed.com,Male,35640-000,Brazil
Pattie,Urquhart,purquhartmz@sfgate.com,Male,,China
Rodger,Vidyapin,rvidyapinn0@aol.com,Male,385433,Russia
Seamus,Kimberly,skimberlyn1@shareasale.com,Female,,China
Lucie,Jeanon,ljeanonn2@pen.io,Male,,China
Dante,Suston,dsustonn3@pen.io,Female,,Indonesia
Vale,Stockill,vstockilln4@desdev.cn,Male,8521,Bulgaria
Kaja,Willimott,kwillimottn5@webs.com,Genderfluid,,China
Harwilll,Tolomelli,htolomellin6@tinyurl.com,Female,C1C,Canada
Osbert,Turfin,oturfinn7@foxnews.com,Female,,Afghanistan
Helen-elizabeth,Calafato,hcalafaton8@utexas.edu,Female,,Solomon Islands
Jeana,Brendish,jbrendishn9@cdc.gov,Female,,Bolivia
Tobias,Oliva,tolivana@theatlantic.com,Male,,Indonesia
Morganica,Gladyer,mgladyernb@mtv.com,Female,8650-153,Portugal
Kendall,Guisby,kguisbync@dot.gov,Female,567 24,Sweden
Filip,Twidale,ftwidalend@seesaa.net,Female,,Ecuador
Irwinn,Murfill,imurfillne@prnewswire.com,Female,,China
Michael,McTrustram,mmctrustramnf@squidoo.com,Male,175330,Russia
Baily,Paffitt,bpaffittng@guardian.co.uk,Male,36280-000,Brazil
Adlai,Hoggins,ahogginsnh@e-recht24.de,Male,,China
Moe,Kidstoun,mkidstounni@creativecommons.org,Female,,Kazakhstan
Giavani,Furmedge,gfurmedgenj@tumblr.com,Male,,China
Shelagh,Beaven,sbeavennk@imdb.com,Male,,China
Damian,Smolan,dsmolannl@example.com,Male,8422,Philippines
Liza,Hanne,lhannenm@wikimedia.org,Female,,China
Desiree,Hearley,dhearleynn@engadget.com,Female,,Azerbaijan
Kellyann,Turbitt,kturbittno@privacy.gov.au,Male,2775-381,Portugal
Teddi,Pickhaver,tpickhavernp@cloudflare.com,Male,,China
Sallyann,Markussen,smarkussennq@live.com,Male,92404 CEDEX,France
Oliviero,Vose,ovosenr@de.vu,Male,675 51,Czech Republic
Conrado,Brinson,cbrinsonns@yahoo.com,Male,904 04,Sweden
Christalle,Conrard,cconrardnt@last.fm,Female,,China
Wilmer,Kenelin,wkenelinnu@java.com,Male,,China
Kara-lynn,Adao,kadaonv@earthlink.net,Female,,Peru
Rosaline,Streetfield,rstreetfieldnw@amazon.com,Female,542 24,Czech Republic
Joni,Riguard,jriguardnx@squarespace.com,Female,25000-000,Brazil
Baxy,Loveday,blovedayny@soundcloud.com,Male,01009 CEDEX,France
Jedd,Wisker,jwiskernz@ifeng.com,Female,4276,Slovenia
Jessy,Gaffon,jgaffono0@japanpost.jp,Female,L-6380,Luxembourg
Kris,Batters,kbatterso1@webmd.com,Male,,China
Donica,Spellessy,dspellessyo2@edublogs.org,Female,,China
Eirena,Walling,ewallingo3@washington.edu,Female,,Uzbekistan
Marchelle,Lumb,mlumbo4@is.gd,Male,2402,Philippines
Ameline,Ivic,aivico5@macromedia.com,Male,,China
Chuck,Pescod,cpescodo6@t.co,Female,,Bosnia and Herzegovina
Cristionna,Jealous,cjealouso7@typepad.com,Female,,Niger
Zitella,Stroobant,zstroobanto8@yellowbook.com,Male,,China
Ella,Cotgrove,ecotgroveo9@dagondesign.com,Female,6216,Philippines
Bil,Czajkowska,bczajkowskaoa@icq.com,Male,5507,Philippines
Collette,Blazejewski,cblazejewskiob@un.org,Male,,China
Monika,Popping,mpoppingoc@over-blog.com,Female,80-174,Poland
Lacie,Matteo,lmatteood@istockphoto.com,Male,5208,Philippines
Kat,Spurrier,kspurrieroe@mail.ru,Male,57-100,Poland
Eliot,De-Ville,edevilleof@w3.org,Female,,Djibouti
Sydelle,Gillease,sgilleaseog@sbwire.com,Male,,North Korea
Fiona,Sprake,fsprakeoh@icq.com,Female,2810,Philippines
Maynard,Crumpe,mcrumpeoi@ovh.net,Male,,China
Billi,Haime,bhaimeoj@umich.edu,Female,,Indonesia
Alain,Neild,aneildok@etsy.com,Male,,Albania
Matt,St. Quintin,mstquintinol@salon.com,Male,50701,Pakistan
Sherie,Riby,sribyom@globo.com,Male,,China
Wittie,Young,wyoungon@dion.ne.jp,Agender,69239 CEDEX 02,France
Dallas,Doche,ddocheoo@woothemes.com,Female,607605,Russia
Valery,Maurice,vmauriceop@ted.com,Male,,Greece
Velvet,Pethybridge,vpethybridgeoq@yellowbook.com,Male,,Indonesia
Ealasaid,Lloyd-Williams,elloydwilliamsor@php.net,Male,3525-254,Portugal
Cale,Rubica,crubicaos@whitehouse.gov,Male,,China
Genna,Byres,gbyresot@youku.com,Female,18800-000,Brazil
Jo-anne,Whyborne,jwhyborneou@wikispaces.com,Male,,Indonesia
Deanne,Druhan,ddruhanov@fema.gov,Female,,China
Karita,Chidlow,kchidlowow@illinois.edu,Male,,China
Penny,Trevaskus,ptrevaskusox@tripod.com,Male,,Bosnia and Herzegovina
Jeramey,Le Port,jleportoy@issuu.com,Female,37554 CEDEX,France
Lindi,Wasselin,lwasselinoz@omniture.com,Male,3610-193,Portugal
Bar,Melmar,bmelmarp0@redcross.org,Female,369312,Russia
Codie,Clericoates,cclericoatesp1@dot.gov,Female,73-108,Poland
Gordon,Scholard,gscholardp2@g.co,Male,7916,Australia
Ivan,Perell,iperellp3@sun.com,Male,,Belarus
Ranna,Schustl,rschustlp4@independent.co.uk,Male,,Indonesia
Briano,Waterhowse,bwaterhowsep5@51.la,Male,88504 CEDEX,France
Theadora,Bernath,tbernathp6@china.com.cn,Male,,Cyprus
Othella,Pirrone,opirronep7@google.cn,Female,,Indonesia
Catharine,Reavell,creavellp8@printfriendly.com,Female,3605,Philippines
Vic,Ringe,vringep9@bluehost.com,Female,27260,Finland
Ellyn,Iacovaccio,eiacovacciopa@feedburner.com,Male,403140,Russia
Godfrey,Andreini,gandreinipb@google.fr,Polygender,37-300,Poland
Tomaso,Fountain,tfountainpc@ezinearticles.com,Agender,95096,Mexico
Barton,Bome,bbomepd@soundcloud.com,Genderfluid,664 59,Czech Republic
Blair,Cuppleditch,bcuppleditchpe@1688.com,Female,363704,Russia
Bernita,Barlace,bbarlacepf@google.ru,Female,,China
Noland,Oley,noleypg@mozilla.com,Agender,,French Polynesia
Victor,Loton,vlotonph@acquirethisname.com,Female,141146,Russia
Nicolas,Mongeot,nmongeotpi@epa.gov,Female,24515,United States
Josefa,Sankey,jsankeypj@artisteer.com,Male,,Indonesia
Andie,Grishinov,agrishinovpk@unblog.fr,Female,,China
Egor,Fieller,efiellerpl@redcross.org,Female,,Jamaica
Stacey,Nials,snialspm@bigcartel.com,Female,,Indonesia
Hillard,Shurville,hshurvillepn@google.com,Female,3630-139,Portugal
Neala,Arangy,narangypo@smh.com.au,Male,97254 CEDEX,Martinique
Lennard,Weitzel,lweitzelpp@mtv.com,Male,,Cuba
Shaylyn,McColm,smccolmpq@irs.gov,Female,,China
Hugh,List,hlistpr@lulu.com,Male,,China
Andeee,Stubbs,astubbsps@hexun.com,Female,163028,Russia
Evvy,Secker,eseckerpt@ustream.tv,Male,186000,Russia
Leta,Spragge,lspraggepu@state.gov,Male,3313,Philippines
Cecil,Denk,cdenkpv@adobe.com,Bigender,606310,Russia
Pryce,McLucky,pmcluckypw@weibo.com,Bigender,,Armenia
Charleen,Lydon,clydonpx@tamu.edu,Agender,,China
Constantia,Adamini,cadaminipy@time.com,Male,154848,Colombia
Eddy,Szymonwicz,eszymonwiczpz@cmu.edu,Male,,Egypt
Nichole,Kubec,nkubecq0@weebly.com,Male,,North Korea
Shanan,Paddock,spaddockq1@arstechnica.com,Male,,Tunisia
Bonnie,Scown,bscownq2@sbwire.com,Male,,China
Billye,Millam,bmillamq3@360.cn,Female,,Indonesia
Manolo,Tilley,mtilleyq4@biblegateway.com,Male,73142,United States
Diarmid,Dirkin,ddirkinq5@sakura.ne.jp,Male,89130-000,Brazil
Dru,Shier,dshierq6@sciencedaily.com,Male,4600-730,Portugal
Doralynn,Blees,dbleesq7@nasa.gov,Female,676581,Russia
Thorsten,Lashley,tlashleyq8@icio.us,Bigender,439 24,Sweden
Gabriellia,Dubose,gduboseq9@admin.ch,Male,81001,Lithuania
Tiffy,Sumers,tsumersqa@oracle.com,Polygender,62-060,Poland
Roddy,Rabbe,rrabbeqb@deviantart.com,Male,,China
Berty,Flello,bflelloqc@google.ca,Male,9100-153,Portugal
Alain,Sybbe,asybbeqd@diigo.com,Female,,China
Gene,Gilberthorpe,ggilberthorpeqe@miitbeian.gov.cn,Male,26-630,Poland
Boris,Aspell,baspellqf@wikimedia.org,Female,43150,Thailand
Carolann,Whyborn,cwhybornqg@fda.gov,Female,,China
Sydelle,Heinish,sheinishqh@odnoklassniki.ru,Genderfluid,76150,Finland
Quinn,Camps,qcampsqi@squidoo.com,Female,358006,Russia
Alexandros,Genery,ageneryqj@usa.gov,Female,94042,United States
Leona,Boath,lboathqk@weibo.com,Female,,Indonesia
Sada,Terzza,sterzzaql@ucla.edu,Female,,China
Melva,Brasier,mbrasierqm@studiopress.com,Male,15572,Malaysia
Christiano,Gunbie,cgunbieqn@about.me,Female,27001,Lithuania
Chrissie,Dunckley,cdunckleyqo@alexa.com,Male,,Indonesia
Ulla,Paolacci,upaolacciqp@nbcnews.com,Female,50566,Malaysia
Joshua,Gallehock,jgallehockqq@people.com.cn,Female,,Albania
Jennine,Dunridge,jdunridgeqr@acquirethisname.com,Male,,Greece
Jaine,Held,jheldqs@mapy.cz,Female,,Tanzania
Bendix,Lythgoe,blythgoeqt@newyorker.com,Female,,Israel
Jen,D'Antonio,jdantonioqu@ucsd.edu,Male,574 28,Sweden
Jonell,Gissing,jgissingqv@desdev.cn,Male,,Saudi Arabia
Kevon,Ecclesall,kecclesallqw@umn.edu,Female,979-1504,Japan
Cristine,Ferrant,cferrantqx@wp.com,Male,1134,Australia
Gilda,Gobbett,ggobbettqy@delicious.com,Male,,China
Ethan,Erdis,eerdisqz@elpais.com,Male,641960,Russia
Vinita,Davion,vdavionr0@clickbank.net,Male,,China
Salvidor,Wyatt,swyattr1@nature.com,Female,18550-000,Brazil
Barton,Guwer,bguwerr2@chicagotribune.com,Male,368540,Russia
Erwin,Tal,etalr3@creativecommons.org,Female,,Honduras
Odella,Pitchers,opitchersr4@theguardian.com,Female,19950,Finland
Ezequiel,Brookes,ebrookesr5@time.com,Female,,Madagascar
Flo,Geffinger,fgeffingerr6@archive.org,Male,,Uganda
Guendolen,Ledrane,gledraner7@baidu.com,Female,422847,Russia
Ogdan,Ramlot,oramlotr8@sciencedirect.com,Female,,China
Guinevere,Grise,ggriser9@livejournal.com,Male,,Ivory Coast
Nikita,Hatliff,nhatliffra@cmu.edu,Female,2440-153,Portugal
Issy,Jaques,ijaquesrb@nih.gov,Male,4590-170,Portugal
Forrest,Averill,faverillrc@ca.gov,Female,687200,Russia
Ruttger,Raycroft,rraycroftrd@latimes.com,Female,,China
Lindsy,Robbe,lrobbere@cdbaby.com,Female,84200-000,Brazil
Spence,Templeman,stemplemanrf@printfriendly.com,Female,,Estonia
Merilee,O'Shields,moshieldsrg@deviantart.com,Male,,China
Pooh,Ager,pagerrh@dell.com,Male,06357 CEDEX 4,France
Whitman,Beat,wbeatri@photobucket.com,Male,126 12,Sweden
Tish,Alyukin,talyukinrj@eventbrite.com,Female,,China
Tara,Valentino,tvalentinork@ibm.com,Female,601380,Russia
Chrysa,Braxay,cbraxayrl@etsy.com,Female,V3H,Canada
Drucill,Lemmers,dlemmersrm@creativecommons.org,Male,57540-000,Brazil
Justinn,Pettecrew,jpettecrewrn@desdev.cn,Male,95154 CEDEX,France
Brina,Baily,bbailyro@xrea.com,Genderqueer,,Bolivia
Kylen,Chimes,kchimesrp@reverbnation.com,Male,5801,Philippines
Ettore,Thames,ethamesrq@weebly.com,Male,3605,Philippines
Cyril,Egiloff,cegiloffrr@nasa.gov,Female,,Indonesia
