first_name,last_name,email,gender,postal,country
Ximenes,Costen,xcosten0@biglobe.ne.jp,Female,164051,Russia
Anjela,Sonier,asonier1@hugedomains.com,Male,,Lebanon
Lilllie,Dysart,ldysart2@over-blog.com,Agender,,Ukraine
Evelyn,Gurling,egurling3@bigcartel.com,Female,,Palestinian Territory
Leandra,Nunes Nabarro,lnunesnabarro4@yale.edu,Female,10140,Thailand
Jerrilyn,Hughlock,jhughlock5@independent.co.uk,Male,4660-059,Portugal
Shane,Oppie,soppie6@behance.net,Male,26-640,Poland
Carlye,Gentric,cgentric7@apple.com,Male,544529,Colombia
Hillie,Huckell,hhuckell8@webs.com,Female,89862-000,Brazil
Bertie,Baxter,bbaxter9@cpanel.net,Female,0778,Norway
Barbey,Lafee,blafeea@wordpress.org,Male,,Israel
Vladimir,Houldin,vhouldinb@histats.com,Female,,China
Barrie,Brisseau,bbrisseauc@who.int,Female,606860,Russia
Rakel,Imloch,rimlochd@ocn.ne.jp,Female,,Peru
Kean,Bunney,kbunneye@yelp.com,Agender,L1M,Canada
Pinchas,McKall,pmckallf@lulu.com,Male,6680,Bangladesh
Koral,Chadwell,kchadwellg@mapquest.com,Female,,China
Shela,Joannic,sjoannich@123-reg.co.uk,Female,,China
Inge,Basnett,ibasnetti@usgs.gov,Female,,Indonesia
Hedy,Edelman,hedelmanj@chronoengine.com,Female,10507,Dominican Republic
Sheelagh,Escot,sescotk@trellian.com,Male,8307,Argentina
Leland,Betham,lbethaml@sakura.ne.jp,Male,95960-000,Brazil
Morris,Knighton,mknightonm@ibm.com,Female,,Chad
Aurel,Lanktree,alanktreen@imageshack.us,Male,63560-000,Brazil
Eveline,O'Reilly,eoreillyo@studiopress.com,Male,,Azerbaijan
Griz,Raunds,graundsp@quantcast.com,Male,986-0303,Japan
Cordell,Grabeham,cgrabehamq@blinklist.com,Female,44307 CEDEX 3,France
Helaina,Bollins,hbollinsr@google.fr,Male,,Bosnia and Herzegovina
Katherina,Lawles,klawless@cbslocal.com,Male,3700-599,Portugal
Keen,Cottis,kcottist@uiuc.edu,Male,,China
Crin,Leyshon,cleyshonu@dion.ne.jp,Male,,Indonesia
Batsheva,Ridoutt,bridouttv@instagram.com,Female,47725,United States
Shayna,Austins,saustinsw@phpbb.com,Genderqueer,46300-000,Brazil
Gisella,Boswell,gboswellx@godaddy.com,Non-binary,,China
Mirelle,Burney,mburneyy@buzzfeed.com,Male,2439,Philippines
Constance,Klehn,cklehnz@hud.gov,Male,,China
Theodora,Nasey,tnasey10@dailymail.co.uk,Female,,Serbia
Helaina,Gabbatiss,hgabbatiss11@wufoo.com,Female,,Indonesia
Kaylee,Pioch,kpioch12@gnu.org,Female,309924,Russia
Bobbee,Pressland,bpressland13@dropbox.com,Female,,Palestinian Territory
Rowena,Loche,rloche14@youku.com,Female,,Cuba
Benoit,Carbonell,bcarbonell15@zdnet.com,Female,,South Korea
Jeffrey,Pitkin,jpitkin16@psu.edu,Female,,China
Sigismond,Sayers,ssayers17@shutterfly.com,Male,387 73,Czech Republic
Piper,Heaney,pheaney18@virginia.edu,Female,2445-764,Portugal
Lynn,Kroll,lkroll19@dion.ne.jp,Male,8550,Bangladesh
Iorgos,Bigg,ibigg1a@acquirethisname.com,Female,5130-472,Portugal
Jasen,Prydie,jprydie1b@mit.edu,Genderfluid,142143,Russia
Zelig,Joscelyn,zjoscelyn1c@nasa.gov,Female,,China
Corinne,Jakubovski,cjakubovski1d@ibm.com,Female,754-0021,Japan
Carmelle,Leal,cleal1e@umich.edu,Male,100 52,Sweden
Abie,Beed,abeed1f@geocities.com,Female,M3H,Canada
Corabelle,Riddell,criddell1g@nationalgeographic.com,Female,6344,Philippines
Phillipe,Rosbotham,prosbotham1h@cloudflare.com,Female,,Indonesia
Thurstan,Scrivenor,tscrivenor1i@mozilla.org,Male,646620,Russia
Corrina,O'Collopy,cocollopy1j@altervista.org,Female,,Indonesia
Carilyn,Scoggans,cscoggans1k@tmall.com,Male,,Indonesia
Gusta,Barnwill,gbarnwill1l@sohu.com,Female,1675-007,Portugal
Gun,Peirpoint,gpeirpoint1m@google.com.hk,Male,3707,Philippines
Pierce,Varga,pvarga1n@google.ru,Female,21-080,Poland
Jeanelle,Machen,jmachen1o@com.com,Male,M4C,Canada
Lonnard,Pleasants,lpleasants1p@ebay.co.uk,Female,57910-000,Brazil
Sutherlan,Cottle,scottle1q@examiner.com,Male,,Bhutan
Meagan,Posthill,mposthill1r@toplist.cz,Male,366128,Russia
Carlina,Lorenzin,clorenzin1s@bluehost.com,Male,2855-005,Portugal
Thia,Chrichton,tchrichton1t@discuz.net,Female,,China
Wildon,Sansun,wsansun1u@sun.com,Female,20409,United States
Allie,Gudgeon,agudgeon1v@blogspot.com,Male,38197,United States
Koral,Amori,kamori1w@qq.com,Female,631-0034,Japan
Esta,Northfield,enorthfield1x@craigslist.org,Male,99709,United States
Kurt,Keyte,kkeyte1y@dyndns.org,Male,,Ukraine
Nessi,Tidmarsh,ntidmarsh1z@wordpress.org,Female,940028,Colombia
Lanae,Grishin,lgrishin20@last.fm,Female,35590-000,Brazil
Myrtie,Petrik,mpetrik21@sitemeter.com,Male,,China
Giffer,Chaffyn,gchaffyn22@indiegogo.com,Female,,Israel
Jayme,Cuddehay,jcuddehay23@prweb.com,Female,,Afghanistan
Ban,Collman,bcollman24@goo.ne.jp,Male,77645-000,Brazil
Ned,Shepperd,nshepperd25@cmu.edu,Male,,Nigeria
Alleen,Fey,afey26@redcross.org,Male,26-330,Poland
Windy,Bark,wbark27@army.mil,Male,,Nigeria
Godard,Keward,gkeward28@reuters.com,Male,6517,Norway
Erik,Luscombe,eluscombe29@mapquest.com,Male,3900,Greenland
Stephi,Barlace,sbarlace2a@dmoz.org,Female,151 44,Sweden
Marna,Belson,mbelson2b@biblegateway.com,Male,,Greece
Elora,Knight,eknight2c@tamu.edu,Male,6419,Philippines
Cordie,Gleader,cgleader2d@simplemachines.org,Female,6602,Bangladesh
Christos,McElrath,cmcelrath2e@yandex.ru,Male,727-0203,Japan
Ulrich,Streat,ustreat2f@surveymonkey.com,Male,,Greece
Sinclair,Jedrzejkiewicz,sjedrzejkiewicz2g@macromedia.com,Male,4635-522,Portugal
Garry,Stapforth,gstapforth2h@list-manage.com,Male,67704 CEDEX,France
Morgen,McChesney,mmcchesney2i@sbwire.com,Female,A63,Ireland
Jacquenette,Tysall,jtysall2j@tinypic.com,Genderqueer,273 61,Czech Republic
Ethe,Sanderson,esanderson2k@wired.com,Male,,Indonesia
Kylila,Hurn,khurn2l@ycombinator.com,Female,99560-000,Brazil
Fanchon,Bouchard,fbouchard2m@ucoz.ru,Male,390507,Russia
Crysta,Sneezem,csneezem2n@hc360.com,Female,155126,Russia
Cate,Burnup,cburnup2o@wikispaces.com,Male,,Indonesia
Kelley,Renne,krenne2p@theglobeandmail.com,Female,,Ecuador
Carolee,Holwell,cholwell2q@geocities.jp,Female,348 06,Czech Republic
Isiahi,Hansley,ihansley2r@jiathis.com,Female,,China
Mahalia,Halliburton,mhalliburton2s@webmd.com,Male,,Indonesia
Alyda,Emanueli,aemanueli2t@usatoday.com,Female,789 85,Czech Republic
Kalinda,Senner,ksenner2u@mozilla.org,Male,,China
Danit,Kitchen,dkitchen2v@google.co.uk,Male,,Greece
Ibbie,McLagain,imclagain2w@google.cn,Female,,Uzbekistan
Timi,Dreinan,tdreinan2x@about.me,Male,6215-205,Portugal
Ira,Dahlen,idahlen2y@wufoo.com,Male,289-1343,Japan
Lorelle,Kilalea,lkilalea2z@cafepress.com,Male,2708,Philippines
Geoffrey,Bertolin,gbertolin30@ustream.tv,Non-binary,,Tokelau
Cristiano,MacAllen,cmacallen31@omniture.com,Male,,Indonesia
Justus,McLay,jmclay32@weather.com,Male,8410,Philippines
Larine,Harp,lharp33@google.fr,Female,,China
Marve,Haddacks,mhaddacks34@skype.com,Female,50933,Malaysia
Marjy,Rouf,mrouf35@histats.com,Female,,China
Kary,Guillon,kguillon36@google.com.au,Female,,Indonesia
Eadmund,Weir,eweir37@bloomberg.com,Female,,China
Chev,Yashin,cyashin38@wsj.com,Female,,Peru
Ortensia,Ralestone,oralestone39@weather.com,Male,2444,Philippines
Elberta,Brundle,ebrundle3a@weebly.com,Female,,Botswana
Georgiana,Ronnay,gronnay3b@netvibes.com,Bigender,88535-000,Brazil
Mickie,Bunkle,mbunkle3c@ask.com,Female,,Iraq
Dre,Veryard,dveryard3d@hp.com,Genderfluid,2423,Macedonia
Koren,Charer,kcharer3e@cnet.com,Genderfluid,44200,France
Ilyse,Champken,ichampken3f@mysql.com,Female,,Albania
Darsey,Dybald,ddybald3g@oracle.com,Male,22215,Croatia
Fleming,Zannutti,fzannutti3h@arstechnica.com,Non-binary,,Armenia
Bat,Beckinsall,bbeckinsall3i@hibu.com,Female,,Yemen
Lesya,Hamnet,lhamnet3j@live.com,Female,,Peru
Vivianne,Watsam,vwatsam3k@biglobe.ne.jp,Female,85715,United States
Muire,Donwell,mdonwell3l@foxnews.com,Male,,Indonesia
Felike,Waine,fwaine3m@ameblo.jp,Male,,China
Stinky,Mateo,smateo3n@yellowpages.com,Male,,Indonesia
Gilbertina,Mackriell,gmackriell3o@nytimes.com,Male,,Indonesia
Marlin,Skalls,mskalls3p@washington.edu,Genderqueer,,Uruguay
Devlin,Carayol,dcarayol3q@hud.gov,Male,,China
Sonja,Ranscomb,sranscomb3r@ifeng.com,Female,121 63,Sweden
Dukie,O'Lunny,dolunny3s@tinypic.com,Female,,China
Ula,Ginger,uginger3t@yandex.ru,Female,7160-208,Portugal
Pamelina,Givens,pgivens3u@wufoo.com,Male,,China
Anabal,Baines,abaines3v@drupal.org,Female,,Palestinian Territory
Rab,Coenraets,rcoenraets3w@com.com,Male,,China
Algernon,Steet,asteet3x@histats.com,Male,39140,Thailand
Delly,Von Brook,dvonbrook3y@elegantthemes.com,Female,,China
Chicky,McClunaghan,cmcclunaghan3z@kickstarter.com,Female,,Indonesia
Fredi,Yakubov,fyakubov40@indiegogo.com,Bigender,,Afghanistan
Bram,Whorlton,bwhorlton41@topsy.com,Non-binary,,China
Delphine,Melanaphy,dmelanaphy42@friendfeed.com,Polygender,,China
Dame,Allsop,dallsop43@pcworld.com,Male,368222,Russia
Francine,Klammt,fklammt44@va.gov,Female,422156,Russia
Ann-marie,Hakking,ahakking45@ihg.com,Female,,China
Stern,Houltham,shoultham46@xinhuanet.com,Female,,Armenia
Cornall,Belf,cbelf47@furl.net,Male,92144 CEDEX,France
Daniele,Abilowitz,dabilowitz48@artisteer.com,Male,24-160,Poland
Madison,Lovick,mlovick49@smh.com.au,Female,59-623,Poland
Joline,Daile,jdaile4a@sfgate.com,Male,,Ghana
Mellicent,Franseco,mfranseco4b@tamu.edu,Female,4905-266,Portugal
Granthem,Dawber,gdawber4c@nhs.uk,Non-binary,,Ecuador
Bryana,Fantin,bfantin4d@nydailynews.com,Male,,China
Gratia,Ianni,gianni4e@va.gov,Male,35530,Finland
Ricard,Dancer,rdancer4f@time.com,Genderfluid,51508,Sri Lanka
Denyse,Huburn,dhuburn4g@surveymonkey.com,Male,368293,Russia
Etan,Ackenson,eackenson4h@1688.com,Female,997-0415,Japan
Vernon,Augustine,vaugustine4i@yolasite.com,Male,,Indonesia
Shela,Noulton,snoulton4j@pen.io,Male,33811,United States
Leeland,Palluschek,lpalluschek4k@cbsnews.com,Female,,China
Radcliffe,Imlin,rimlin4l@toplist.cz,Female,421 10,Sweden
Nessie,Demschke,ndemschke4m@list-manage.com,Male,,Indonesia
Charla,Jowitt,cjowitt4n@mozilla.org,Polygender,671 75,Czech Republic
Micky,Archdeckne,marchdeckne4o@toplist.cz,Female,,China
Pall,Assad,passad4p@themeforest.net,Female,17300-000,Brazil
Maje,Jullian,mjullian4q@reference.com,Polygender,504 67,Sweden
Arnaldo,Marmon,amarmon4r@yale.edu,Male,253237,Colombia
Kevin,Percy,kpercy4s@google.co.uk,Male,,Honduras
Zaria,Cadlock,zcadlock4t@so-net.ne.jp,Male,,China
Darline,Priscott,dpriscott4u@salon.com,Female,,Madagascar
Stephanus,Shirer,sshirer4v@rakuten.co.jp,Male,6540,Philippines
Cissy,Sebrens,csebrens4w@furl.net,Polygender,,Albania
Alla,Rignold,arignold4x@mit.edu,Female,09450-000,Brazil
Harris,Bugbee,hbugbee4y@goodreads.com,Male,,China
Giselle,Pounder,gpounder4z@printfriendly.com,Female,,Azerbaijan
Madel,Jennaroy,mjennaroy50@jigsy.com,Male,352604,Russia
Ezri,Ruxton,eruxton51@shop-pro.jp,Female,,Tanzania
Carma,Mallalieu,cmallalieu52@aboutads.info,Polygender,,Mongolia
Marve,Cristoforo,mcristoforo53@alexa.com,Male,8416,Argentina
Gunther,Jurczyk,gjurczyk54@booking.com,Male,38-115,Poland
Holt,Hause,hhause55@abc.net.au,Female,,Indonesia
Darbie,de Voiels,ddevoiels56@telegraph.co.uk,Female,13-306,Poland
Marielle,Doughton,mdoughton57@spotify.com,Male,,China
Spike,Romaine,sromaine58@hubpages.com,Female,,Indonesia
Kasper,Rainey,krainey59@cyberchimps.com,Non-binary,,Vietnam
Engracia,Blanning,eblanning5a@yellowbook.com,Female,33513,Croatia
Saudra,Tow,stow5b@people.com.cn,Female,3610-193,Portugal
Kerry,Williscroft,kwilliscroft5c@tripod.com,Male,,Indonesia
Flory,Worral,fworral5d@live.com,Female,16-303,Poland
Kippie,McParland,kmcparland5e@ox.ac.uk,Polygender,,Palestinian Territory
Sheena,Sanper,ssanper5f@tinyurl.com,Male,0159,South Africa
Kiele,Culham,kculham5g@odnoklassniki.ru,Female,,China
Karoly,Peschka,kpeschka5h@netlog.com,Male,,Suriname
Julie,Crawshaw,jcrawshaw5i@pagesperso-orange.fr,Female,,China
Killian,Kitcatt,kkitcatt5j@ucla.edu,Female,89130-000,Brazil
Stanleigh,Harvatt,sharvatt5k@usa.gov,Male,80249,United States
Joseph,Wrennall,jwrennall5l@si.edu,Female,760518,Colombia
Christa,Morad,cmorad5m@163.com,Female,,Vietnam
Jamey,Hambers,jhambers5n@flavors.me,Male,,China
Sherill,Checchetelli,schecchetelli5o@diigo.com,Female,22011,Guatemala
Renae,Dore,rdore5p@npr.org,Male,,China
Tina,Bellow,tbellow5q@mozilla.com,Male,663 30,Sweden
Hastings,Nansom,hnansom5r@google.com.hk,Female,,Indonesia
Trixie,Napthine,tnapthine5s@cbslocal.com,Female,141 21,Sweden
Sukey,Tomlett,stomlett5t@php.net,Female,25330,Finland
Aaren,Dymoke,adymoke5u@desdev.cn,Male,13860-000,Brazil
Belia,Portigall,bportigall5v@umn.edu,Female,45933 CEDEX 9,France
Prince,Cropp,pcropp5w@google.es,Male,,Democratic Republic of the Congo
Adorne,Chiverton,achiverton5x@economist.com,Male,,China
Gordon,Dymott,gdymott5y@ebay.co.uk,Male,442680,Russia
Griffin,Brower,gbrower5z@wikispaces.com,Male,4755-484,Portugal
Selle,Castano,scastano60@storify.com,Male,85215,United States
Lorens,Hazart,lhazart61@flickr.com,Female,B3S,Canada
Kathleen,Bullock,kbullock62@businesswire.com,Female,747 67,Czech Republic
Nilson,Allain,nallain63@oaic.gov.au,Male,601389,Russia
Dante,Gillham,dgillham64@hexun.com,Female,9406,Philippines
Gaby,Grovier,ggrovier65@digg.com,Male,,Peru
Aldous,Greenhalgh,agreenhalgh66@ibm.com,Genderqueer,,Ukraine
Missy,Navaro,mnavaro67@cnet.com,Male,,Indonesia
Lizbeth,Roswarne,lroswarne68@over-blog.com,Male,,Armenia
Kenyon,Simmonett,ksimmonett69@lulu.com,Female,,Indonesia
Ed,Kildea,ekildea6a@myspace.com,Genderqueer,,Afghanistan
Gawain,Poveleye,gpoveleye6b@ocn.ne.jp,Agender,,China
Eimile,Slocomb,eslocomb6c@princeton.edu,Non-binary,,China
Quintilla,Harpham,qharpham6d@posterous.com,Male,01056,Guatemala
Sib,Barca,sbarca6e@homestead.com,Female,456555,Russia
Heddie,Nealey,hnealey6f@i2i.jp,Male,06-406,Poland
Gawen,Pimblotte,gpimblotte6g@sciencedirect.com,Genderqueer,9514,Philippines
Goddard,Sturton,gsturton6h@blog.com,Male,,Indonesia
Florida,Ramsbotham,framsbotham6i@blogger.com,Female,26029 CEDEX,France
Katie,Lampaert,klampaert6j@cbsnews.com,Female,,Indonesia
Elene,Playhill,eplayhill6k@sakura.ne.jp,Female,32-112,Poland
Shayla,Huckabe,shuckabe6l@sogou.com,Male,,Honduras
Maynard,Boas,mboas6m@wisc.edu,Male,,China
Flem,Gloucester,fgloucester6n@yolasite.com,Male,,China
Natala,Maraga,nmaraga6o@linkedin.com,Non-binary,,Egypt
Marina,Matisoff,mmatisoff6p@google.nl,Male,,Indonesia
Willette,Iacovazzi,wiacovazzi6q@guardian.co.uk,Male,,China
Claretta,Sollitt,csollitt6r@mozilla.org,Female,,China
Bernadette,Stellin,bstellin6s@dell.com,Male,,Ivory Coast
Brandyn,Brusle,bbrusle6t@irs.gov,Male,V7X,Canada
Euell,Battie,ebattie6u@comsenz.com,Male,,Indonesia
Sadella,Claricoates,sclaricoates6v@topsy.com,Male,4510-469,Portugal
Haslett,Clitheroe,hclitheroe6w@php.net,Male,3307,Philippines
Olivie,Aleveque,oaleveque6x@usatoday.com,Female,671450,Russia
Titus,Praundlin,tpraundlin6y@mediafire.com,Female,102469,Russia
David,Box,dbox6z@meetup.com,Female,1210,Philippines
Prince,O'Murtagh,pomurtagh70@mapy.cz,Male,,China
Darbie,Klimentov,dklimentov71@nationalgeographic.com,Female,,China
Adriano,Le Jean,alejean72@altervista.org,Female,917-0102,Japan
Tracee,Aldhous,taldhous73@mozilla.org,Male,74-400,Poland
Sella,White,swhite74@narod.ru,Male,,Peru
Lianne,Drought,ldrought75@cbslocal.com,Genderfluid,,Ukraine
Bay,Vickress,bvickress76@unblog.fr,Female,77260,United States
Shayla,Simond,ssimond77@dell.com,Male,34504 CEDEX,France
Frederica,Demougeot,fdemougeot78@theguardian.com,Male,2442,Philippines
Heindrick,Record,hrecord79@weibo.com,Female,,China
Sherill,Moscon,smoscon7a@macromedia.com,Female,761508,Colombia
Natty,Fellis,nfellis7b@technorati.com,Male,,China
Darsie,Rubi,drubi7c@over-blog.com,Female,21450,Croatia
Marcelle,Adenot,madenot7d@goo.ne.jp,Female,,Indonesia
Bobbie,Brailsford,bbrailsford7e@soundcloud.com,Male,,Indonesia
Norman,Pharaoh,npharaoh7f@nationalgeographic.com,Female,,China
Phedra,Cradick,pcradick7g@taobao.com,Male,412478,Russia
Corrie,Coatsworth,ccoatsworth7h@columbia.edu,Male,742-2807,Japan
Agretha,Bodicum,abodicum7i@hexun.com,Agender,,Azerbaijan
Zolly,Care,zcare7j@time.com,Female,97453 CEDEX,Reunion
Andonis,Kift,akift7k@deviantart.com,Male,,Mozambique
Solomon,Tower,stower7l@springer.com,Male,,Panama
Herschel,Easson,heasson7m@nationalgeographic.com,Female,,China
Abeu,Kirkup,akirkup7n@hatena.ne.jp,Male,2860-310,Portugal
Farley,Caff,fcaff7o@latimes.com,Female,2211,Philippines
Cindra,Nossent,cnossent7p@tripadvisor.com,Male,,China
Paolo,Very,pvery7q@jimdo.com,Female,12210,Finland
Thelma,Lavarack,tlavarack7r@ucoz.ru,Female,55660-000,Brazil
Reggy,Cheeld,rcheeld7s@edublogs.org,Male,96-130,Poland
Fulvia,Gumery,fgumery7t@ebay.co.uk,Female,523548,Colombia
Marline,Truitt,mtruitt7u@dmoz.org,Male,456721,Russia
Corry,Le Fevre,clefevre7v@naver.com,Male,,Equatorial Guinea
Bertram,Blaksland,bblaksland7w@time.com,Female,,Gambia
Allison,Boorne,aboorne7x@virginia.edu,Bigender,,Indonesia
Toma,Kayzer,tkayzer7y@about.me,Genderqueer,,China
Kat,Revell,krevell7z@dion.ne.jp,Agender,,Armenia
Ginnie,Salerg,gsalerg80@google.co.uk,Male,49444,United States
Teresita,Monnoyer,tmonnoyer81@wordpress.com,Male,,China
Burtie,Powner,bpowner82@nytimes.com,Male,97853 CEDEX,Reunion
Corinna,Schulz,cschulz83@rambler.ru,Female,20630,Malaysia
Marta,Emblow,memblow84@ucsd.edu,Female,06-120,Poland
Katina,Raisbeck,kraisbeck85@hexun.com,Female,,China
Nelli,Qusklay,nqusklay86@yahoo.co.jp,Male,,South Korea
Katey,Cubbino,kcubbino87@weather.com,Male,,China
Fredi,Carr,fcarr88@ibm.com,Female,416325,Russia
Harv,Petr,hpetr89@soundcloud.com,Male,,China
Raffaello,Farmloe,rfarmloe8a@mlb.com,Male,16130,Thailand
Madison,Wilshaw,mwilshaw8b@opensource.org,Male,463 30,Sweden
Rad,Dorricott,rdorricott8c@businessinsider.com,Polygender,,China
Katharyn,Le feaver,klefeaver8d@cdc.gov,Female,2430,Philippines
Demetra,Surphliss,dsurphliss8e@home.pl,Male,,Panama
Loni,Jerrard,ljerrard8f@fotki.com,Male,,Indonesia
Benetta,Preon,bpreon8g@edublogs.org,Female,301822,Russia
Wendell,Billings,wbillings8h@4shared.com,Male,28055,Spain
Keith,Stallan,kstallan8i@over-blog.com,Male,,Indonesia
Oates,Tickle,otickle8j@smugmug.com,Male,,Ukraine
Carroll,Weekly,cweekly8k@flickr.com,Male,,China
Lilia,Rubinsky,lrubinsky8l@oaic.gov.au,Female,2970-124,Portugal
Morgana,Poynton,mpoynton8m@webmd.com,Female,788 15,Czech Republic
Natalie,Joye,njoye8n@shop-pro.jp,Male,,Indonesia
Marius,Jenne,mjenne8o@seesaa.net,Male,80305,United States
Gare,Olenin,golenin8p@seesaa.net,Male,925-0373,Japan
Georgeanne,Sharply,gsharply8q@addtoany.com,Female,,China
Ikey,Huegett,ihuegett8r@msu.edu,Female,,Papua New Guinea
Mattheus,Earl,mearl8s@apple.com,Male,,Greece
Andres,Mingo,amingo8t@cam.ac.uk,Male,,Madagascar
Derk,Shervington,dshervington8u@hibu.com,Female,,Burundi
Benetta,Wynch,bwynch8v@blog.com,Male,,Syria
Elnora,Taile,etaile8w@geocities.jp,Non-binary,,Peru
Arlin,Lanegran,alanegran8x@google.co.uk,Male,10715,Germany
Letta,Tigwell,ltigwell8y@google.nl,Female,,Indonesia
Ky,Pinckstone,kpinckstone8z@t.co,Male,456 42,Sweden
Shea,Billsberry,sbillsberry90@livejournal.com,Female,38900-000,Brazil
Jaclin,Michiel,jmichiel91@europa.eu,Female,,China
Bianca,Kelson,bkelson92@theatlantic.com,Male,,Indonesia
Nancee,Done,ndone93@multiply.com,Male,1430,Denmark
Cyril,Spaduzza,cspaduzza94@gmpg.org,Male,352195,Russia
Reilly,Scrivener,rscrivener95@reuters.com,Female,,Indonesia
Marne,Padillo,mpadillo96@creativecommons.org,Male,509-0147,Japan
Chan,Thunderchief,cthunderchief97@disqus.com,Genderqueer,4307,Philippines
Meaghan,Wasiel,mwasiel98@globo.com,Female,48100,Malaysia
Allsun,Hove,ahove99@photobucket.com,Female,,Armenia
Carling,Barley,cbarley9a@123-reg.co.uk,Agender,9630-189,Portugal
Tamma,O'Cannavan,tocannavan9b@mapy.cz,Female,8560,South Africa
Edik,Rosier,erosier9c@patch.com,Female,,China
Sid,Newnham,snewnham9d@google.pl,Genderqueer,,China
Lemmie,Kiehl,lkiehl9e@prlog.org,Female,357560,Russia
Lina,Pyott,lpyott9f@macromedia.com,Female,,Jordan
Conny,Bwye,cbwye9g@yale.edu,Male,7945,South Africa
Ermanno,Prazor,eprazor9h@businesswire.com,Female,96130,Thailand
Matthieu,Lindwall,mlindwall9i@vimeo.com,Male,,Indonesia
Dell,Langhorne,dlanghorne9j@japanpost.jp,Female,3224,Netherlands
Charlotta,Ondrousek,condrousek9k@sina.com.cn,Male,,China
Cass,Le Borgne,cleborgne9l@cocolog-nifty.com,Female,353617,Russia
Joanie,Gabbotts,jgabbotts9m@mozilla.com,Genderfluid,,China
Giulia,Bondy,gbondy9n@sogou.com,Female,,Armenia
Ferd,Grimes,fgrimes9o@jugem.jp,Female,,China
Allistir,Moyne,amoyne9p@imdb.com,Male,412 79,Sweden
Sayre,Eslemont,seslemont9q@japanpost.jp,Male,198 00,Czech Republic
Odell,Trudgeon,otrudgeon9r@illinois.edu,Female,,Indonesia
Sharia,Ballay,sballay9s@ycombinator.com,Female,,China
Siana,Mallon,smallon9t@dropbox.com,Female,T6L,Canada
Mikel,Vonasek,mvonasek9u@exblog.jp,Male,165262,Russia
Eleanore,Kinnock,ekinnock9v@ibm.com,Female,2802,Philippines
Stephen,Boynes,sboynes9w@wikispaces.com,Female,,Ukraine
Sunshine,Rodenburgh,srodenburgh9x@cdc.gov,Agender,60804 CEDEX,France
Shanon,De Bruijne,sdebruijne9y@storify.com,Polygender,591 99,Sweden
Lavena,Pipkin,lpipkin9z@nymag.com,Female,,China
Aridatha,Artois,aartoisa0@cisco.com,Male,,China
Jenifer,McCorkell,jmccorkella1@furl.net,Female,,Indonesia
Kinny,Klais,kklaisa2@hao123.com,Female,142855,Russia
Koralle,Willmett,kwillmetta3@com.com,Male,,China
Norton,South,nsoutha4@sourceforge.net,Female,,Syria
Michel,Elcum,melcuma5@freewebs.com,Male,,China
Augustine,Fewkes,afewkesa6@spotify.com,Male,,China
Bambi,Robertet,broberteta7@europa.eu,Female,187557,Russia
Valenka,Essame,vessamea8@blogger.com,Female,3720-727,Portugal
Hurlee,Rosenhaus,hrosenhausa9@intel.com,Male,,Taiwan
Evania,Opdenort,eopdenortaa@washingtonpost.com,Female,20403 CEDEX,France
Corbet,Tamsett,ctamsettab@lycos.com,Male,48500-000,Brazil
Shel,Kineton,skinetonac@pinterest.com,Female,97188 CEDEX,Guadeloupe
Arlan,Giraux,agirauxad@shutterfly.com,Male,,Indonesia
Alexa,Fewings,afewingsae@godaddy.com,Genderqueer,,China
Faulkner,Alelsandrowicz,falelsandrowiczaf@bbb.org,Male,35364,Mexico
Edee,Witherington,ewitheringtonag@cloudflare.com,Male,,China
Claretta,Lonsbrough,clonsbroughah@taobao.com,Female,,Namibia
Lorne,Plewman,lplewmanai@admin.ch,Female,2006,Philippines
Elayne,Heigold,eheigoldaj@examiner.com,Female,,El Salvador
Bronny,Ballintime,bballintimeak@si.edu,Female,,Indonesia
Stephannie,Getch,sgetchal@sourceforge.net,Male,,Yemen
Jordan,Ivashechkin,jivashechkinam@yellowbook.com,Male,PBK,Malta
Debi,Gorry,dgorryan@amazon.de,Female,1235,Philippines
Sharl,Petrie,spetrieao@auda.org.au,Agender,L-5978,Luxembourg
Tobiah,Glader,tgladerap@blogger.com,Male,658160,Russia
Cecil,Sissland,csisslandaq@last.fm,Female,80000-000,Brazil
Vivianne,Hurne,vhurnear@mozilla.com,Male,13400-000,Brazil
Ange,Warwicker,awarwickeras@photobucket.com,Male,,Yemen
Wilona,Chimes,wchimesat@dyndns.org,Male,599 92,Sweden
Smith,Fireman,sfiremanau@bloomberg.com,Male,,China
Derek,Wile,dwileav@virginia.edu,Genderqueer,626-0077,Japan
Ferrell,Matschke,fmatschkeaw@desdev.cn,Female,11407,United States
Orson,Meddemmen,omeddemmenax@amazon.com,Female,,China
Cointon,Prudence,cprudenceay@vk.com,Male,399778,Russia
Westleigh,Kermott,wkermottaz@ftc.gov,Female,76121,United States
Demetra,Tewkesberrie,dtewkesberrieb0@admin.ch,Female,,Indonesia
Dasie,Reubens,dreubensb1@netvibes.com,Female,783 55,Czech Republic
Delly,Longstaffe,dlongstaffeb2@statcounter.com,Male,36-071,Poland
Francesco,Hammett,fhammettb3@alexa.com,Polygender,86000,Pakistan
Melisent,Rollins,mrollinsb4@google.co.uk,Male,,Indonesia
Quincey,Wyley,qwyleyb5@cyberchimps.com,Male,,Kazakhstan
Caprice,Choat,cchoatb6@topsy.com,Female,,Indonesia
Shermy,Dabel,sdabelb7@columbia.edu,Female,,Indonesia
Ruddie,Wordsley,rwordsleyb8@utexas.edu,Female,874-0818,Japan
Marjory,Picheford,mpichefordb9@webmd.com,Female,89110,United States
Devinne,Wrangle,dwrangleba@google.pl,Female,299-4128,Japan
Alta,Kelson,akelsonbb@sitemeter.com,Male,,Jordan
Dallas,Penhaligon,dpenhaligonbc@yahoo.com,Female,,Latvia
Westbrooke,Bleakman,wbleakmanbd@skyrock.com,Female,,China
Siward,Allridge,sallridgebe@acquirethisname.com,Male,669-5313,Japan
Nicholle,Pierrepoint,npierrepointbf@cbslocal.com,Male,658160,Russia
Marcelo,Chansonnau,mchansonnaubg@reuters.com,Female,598 24,Sweden
Erick,Pitsall,epitsallbh@purevolume.com,Male,37180,Thailand
Clint,Lamswood,clamswoodbi@seattletimes.com,Female,92105,Mexico
Kelley,Rubery,kruberybj@phpbb.com,Female,,Tonga
Bertrand,Fidoe,bfidoebk@blogtalkradio.com,Female,051457,Colombia
Lari,Wise,lwisebl@boston.com,Bigender,,Indonesia
Ransell,Senussi,rsenussibm@hostgator.com,Male,,Serbia
Conni,Verrechia,cverrechiabn@howstuffworks.com,Male,740,Iceland
Starla,Leeuwerink,sleeuwerinkbo@apache.org,Female,,China
Tildi,Sperry,tsperrybp@globo.com,Female,,China
Paulina,Maybey,pmaybeybq@indiegogo.com,Male,,Vietnam
Emelita,Anstee,eansteebr@netscape.com,Male,,China
Lexine,Marin,lmarinbs@freewebs.com,Male,659029,Russia
Natal,Maro,nmarobt@clickbank.net,Male,,Indonesia
Thedrick,Gudde,tguddebu@rediff.com,Female,,Indonesia
Kale,Stronghill,kstronghillbv@cnbc.com,Male,,Vietnam
Winifred,Hosten,whostenbw@trellian.com,Male,,Burkina Faso
Melloney,Whytock,mwhytockbx@jalbum.net,Genderfluid,,China
Shaina,Draper,sdraperby@newyorker.com,Bigender,L8J,Canada
Worden,Minty,wmintybz@theatlantic.com,Genderqueer,5292,Bulgaria
Theresita,Busson,tbussonc0@dropbox.com,Male,,Indonesia
Irita,Rollinson,irollinsonc1@archive.org,Female,,China
Dudley,Bartzen,dbartzenc2@domainmarket.com,Female,666395,Russia
Clementina,Siderfin,csiderfinc3@bandcamp.com,Male,393194,Russia
Gary,Dimond,gdimondc4@miitbeian.gov.cn,Genderqueer,75600-000,Brazil
Dannel,Meeking,dmeekingc5@twitter.com,Polygender,51521,Croatia
Jammie,Rosina,jrosinac6@networkadvertising.org,Male,386338,Russia
Milissent,Bordes,mbordesc7@tuttocitta.it,Male,,Ukraine
Ayn,Rioch,ariochc8@bravesites.com,Female,,Bosnia and Herzegovina
Constancia,Beushaw,cbeushawc9@omniture.com,Female,56-300,Poland
Beltran,Goff,bgoffca@prlog.org,Female,,China
Nels,Sreenan,nsreenancb@mac.com,Female,,Greece
Rik,Walster,rwalstercc@time.com,Female,,China
Obadias,Guerner,oguernercd@sogou.com,Bigender,10560,Thailand
Emilia,Osipenko,eosipenkoce@pinterest.com,Genderfluid,N4K,Canada
Louisette,Cordelette,lcordelettecf@comcast.net,Female,12530-000,Brazil
Gianni,Reitenbach,greitenbachcg@sogou.com,Female,J8B,Canada
Tamera,Brickwood,tbrickwoodch@cam.ac.uk,Male,,China
Emelen,Keedwell,ekeedwellci@slate.com,Female,,China
Ariella,Baish,abaishcj@xrea.com,Female,,China
Timothee,Ballard,tballardck@latimes.com,Male,90040,United States
Garfield,Pimerick,gpimerickcl@vk.com,Male,,Yemen
Francesca,Lawey,flaweycm@miitbeian.gov.cn,Male,4495-103,Portugal
Valle,Andrysek,vandrysekcn@google.pl,Male,347502,Russia
Silvie,Moakson,smoaksonco@ihg.com,Male,671221,Russia
Dolorita,Hadigate,dhadigatecp@cafepress.com,Male,2351,Slovenia
Ginelle,Diver,gdivercq@tmall.com,Female,,Vietnam
Merlina,Inge,mingecr@shop-pro.jp,Genderqueer,301573,Russia
Frankie,Whithorn,fwhithorncs@ucsd.edu,Polygender,678831,Russia
Almeta,McRobert,amcrobertct@mayoclinic.com,Male,687 23,Czech Republic
Neely,Vaadeland,nvaadelandcu@nba.com,Male,59-101,Poland
Dannye,Furmenger,dfurmengercv@sitemeter.com,Agender,,China
Benton,Shiliton,bshilitoncw@people.com.cn,Female,,Benin
Hayley,Mulrenan,hmulrenancx@acquirethisname.com,Male,122 32,Sweden
Vite,Westmoreland,vwestmorelandcy@ycombinator.com,Polygender,07-202,Poland
Tybalt,Doel,tdoelcz@theglobeandmail.com,Male,,Belarus
Orelle,Ashbee,oashbeed0@pen.io,Male,,China
Courtney,Berrycloth,cberryclothd1@rambler.ru,Male,,China
Natty,Godney,ngodneyd2@rakuten.co.jp,Female,56900-000,Brazil
Gertrude,Slatcher,gslatcherd3@cocolog-nifty.com,Bigender,,Ukraine
Allx,Lyal,alyald4@blogs.com,Female,3080-520,Portugal
Fleming,Skyppe,fskypped5@icq.com,Female,38188,United States
Margot,Davisson,mdavissond6@bloglovin.com,Female,88290,Mexico
Tore,Basnall,tbasnalld7@mlb.com,Female,6324,Philippines
Ramon,Antonelli,rantonellid8@foxnews.com,Male,,Syria
Vonnie,Ramelet,vrameletd9@google.co.jp,Genderqueer,,Indonesia
Hendrik,Robertz,hrobertzda@globo.com,Male,,China
Binky,Hanselman,bhanselmandb@barnesandnoble.com,Male,,Cuba
Minta,Jakubski,mjakubskidc@tmall.com,Female,,Cameroon
Ellwood,Tansly,etanslydd@samsung.com,Non-binary,747 51,Czech Republic
Ferrel,Koubek,fkoubekde@umich.edu,Male,294 01,Czech Republic
Marji,Thunnerclef,mthunnerclefdf@ycombinator.com,Female,401 24,Sweden
Thomas,Meeke,tmeekedg@disqus.com,Genderqueer,164210,Russia
Karee,Heales,khealesdh@weather.com,Female,,China
Alejandra,Gimert,agimertdi@adobe.com,Female,00100,Sri Lanka
Averyl,Fencott,afencottdj@slashdot.org,Female,,Vietnam
Chevalier,Leborgne,cleborgnedk@gravatar.com,Female,,China
Heida,Davidovits,hdavidovitsdl@mtv.com,Female,,China
Livvie,Padson,lpadsondm@hc360.com,Female,769-0228,Japan
Hatti,Lum,hlumdn@unblog.fr,Male,,China
Tiffany,Shearsby,tshearsbydo@springer.com,Male,6500,Bulgaria
Liana,Stallon,lstallondp@woothemes.com,Agender,,Indonesia
Honey,Bayston,hbaystondq@quantcast.com,Male,,Greece
Theressa,Greenacre,tgreenacredr@creativecommons.org,Female,6417,Philippines
Fleur,Ottey,fotteyds@harvard.edu,Male,,Vietnam
Walther,Ramberg,wrambergdt@chicagotribune.com,Bigender,,Ukraine
Betsy,Seymour,bseymourdu@hc360.com,Female,,China
Silvio,Lagen,slagendv@dagondesign.com,Male,143818,Russia
Corbie,Livermore,clivermoredw@tmall.com,Female,,China
Field,Tothe,ftothedx@plala.or.jp,Female,31407,Malaysia
Janet,Millett,jmillettdy@qq.com,Male,76178,United States
Cyrus,Scotcher,cscotcherdz@reference.com,Agender,45000,Thailand
Lorianna,Birkett,lbirkette0@wisc.edu,Female,,Indonesia
Waylen,Hollingdale,whollingdalee1@dmoz.org,Male,11500,Sri Lanka
Vilma,Lambin,vlambine2@acquirethisname.com,Female,386245,Russia
Dyana,Escreet,descreete3@so-net.ne.jp,Male,,Indonesia
Hilary,Grinin,hgrinine4@zdnet.com,Female,662668,Russia
Ajay,Cottis,acottise5@soup.io,Female,2317,Philippines
Jonie,Thames,jthamese6@youtu.be,Bigender,04015,Guatemala
Michell,Balasin,mbalasine7@meetup.com,Female,168 37,Sweden
Charlton,Gooderick,cgoodericke8@skype.com,Genderfluid,40504,Costa Rica
Phillis,Leppingwell,pleppingwelle9@reddit.com,Male,,Indonesia
Isador,Edginton,iedgintonea@odnoklassniki.ru,Female,5590,Argentina
Morganica,Zorzetti,mzorzettieb@uiuc.edu,Male,,Saint Lucia
Cchaddie,Morrall,cmorrallec@soundcloud.com,Female,,China
Glennis,Geerdts,ggeerdtsed@dropbox.com,Female,619221,Russia
Kristien,Rendbaek,krendbaekee@blogger.com,Male,4525-485,Portugal
Gypsy,Croix,gcroixef@wikimedia.org,Male,273 06,Czech Republic
Chicky,Inglesant,cinglesanteg@google.it,Female,1040,Macedonia
Tuesday,Hymans,thymanseh@blogs.com,Female,,Mauritius
Emalee,Le Grove,elegroveei@thetimes.co.uk,Female,,Ukraine
Aidan,Kenrat,akenratej@wikipedia.org,Female,,Indonesia
Margarita,Verchambre,mverchambreek@behance.net,Female,,Honduras
Stewart,Cullity,scullityel@princeton.edu,Female,,China
Rica,Durrett,rdurrettem@feedburner.com,Female,3260-400,Portugal
Alistair,Driscoll,adriscollen@opensource.org,Male,769-0105,Japan
Cordie,McGeechan,cmcgeechaneo@mayoclinic.com,Polygender,,Vietnam
Ben,Wenden,bwendenep@imgur.com,Female,90040,United States
Rivy,Pesselt,rpesselteq@qq.com,Female,1134,Australia
Shermy,Gobbet,sgobbeter@ehow.com,Male,576 24,Sweden
Leonardo,Kenyam,lkenyames@cyberchimps.com,Male,624269,Russia
Debor,Burwood,dburwoodet@joomla.org,Female,,Indonesia
Richmond,Matzkaitis,rmatzkaitiseu@ifeng.com,Male,925-0373,Japan
Carrie,Bickerstasse,cbickerstasseev@liveinternet.ru,Male,83-220,Poland
Delphinia,Palatini,dpalatiniew@unc.edu,Male,,Chile
Michaeline,Nolleth,mnollethex@shinystat.com,Female,,China
Shirl,Scrinage,sscrinageey@netvibes.com,Female,8200-567,Portugal
Spence,Portal,sportalez@marriott.com,Female,663853,Russia
Denyse,Letixier,dletixierf0@nih.gov,Female,1699,Philippines
Stephenie,Bridell,sbridellf1@nhs.uk,Female,,Afghanistan
Keir,Mabey,kmabeyf2@hugedomains.com,Female,,Indonesia
Vincenz,Pennoni,vpennonif3@state.tx.us,Female,,China
Reinhold,Petren,rpetrenf4@cnet.com,Female,582 83,Czech Republic
Chris,Christoffels,cchristoffelsf5@domainmarket.com,Female,186793,Russia
Philomena,Briereton,pbrieretonf6@ucoz.ru,Male,232517,Colombia
Dal,Gaven,dgavenf7@oakley.com,Male,85304 CEDEX,France
Sylvia,Bedell,sbedellf8@goodreads.com,Male,,China
Sally,Silcock,ssilcockf9@photobucket.com,Female,85923 CEDEX 9,France
Janie,MacMychem,jmacmychemfa@dion.ne.jp,Female,3502,Netherlands
Marguerite,Puvia,mpuviafb@ca.gov,Male,8019,Netherlands
Bevon,Byars,bbyarsfc@blogger.com,Non-binary,,China
Charlene,Dockwra,cdockwrafd@trellian.com,Male,,North Korea
Vere,Parnaby,vparnabyfe@bloglines.com,Female,,Indonesia
Elaine,Hoodspeth,ehoodspethff@ucoz.com,Female,57820-000,Brazil
Gwendolin,Algore,galgorefg@ftc.gov,Male,739 34,Czech Republic
Talya,Eldredge,teldredgefh@comsenz.com,Female,4445-005,Portugal
Sandie,Favill,sfavillfi@seesaa.net,Male,75712 CEDEX 15,France
Livvy,Keuneke,lkeunekefj@pcworld.com,Genderqueer,,Nigeria
Elvin,Toghill,etoghillfk@blog.com,Genderfluid,71309 CEDEX,France
Wanda,Sparkes,wsparkesfl@spotify.com,Male,,Indonesia
Bridget,Laroux,blarouxfm@weibo.com,Male,895-2635,Japan
Nelle,Purcell,npurcellfn@wikimedia.org,Male,,Indonesia
Cindie,Chatelot,cchatelotfo@businesswire.com,Male,700 09,Sweden
Emmott,MacSweeney,emacsweeneyfp@cnn.com,Male,,Panama
Berkie,Mannagh,bmannaghfq@census.gov,Female,95138,United States
Jacquelin,Syce,jsycefr@virginia.edu,Male,83-242,Poland
Hynda,Kliche,hklichefs@imageshack.us,Male,L-8711,Luxembourg
Tildie,Gethyn,tgethynft@ow.ly,Female,33394 CEDEX,France
Mandi,Cisec,mcisecfu@wp.com,Female,,Indonesia
Valdemar,Anthonies,vanthoniesfv@stanford.edu,Polygender,5223,Argentina
Eryn,Cosgrove,ecosgrovefw@wikipedia.org,Male,412975,Russia
Ivett,Menat,imenatfx@home.pl,Male,416507,Russia
Murvyn,Baistow,mbaistowfy@phoca.cz,Female,11-130,Poland
Ricardo,Wheldon,rwheldonfz@deliciousdays.com,Male,,China
Alisander,Valenta,avalentag0@mtv.com,Female,0424,Norway
Cyrus,Huyton,chuytong1@opensource.org,Bigender,68451,Mexico
Bentlee,Burrett,bburrettg2@vk.com,Female,4770-370,Portugal
Dorella,Castlake,dcastlakeg3@icio.us,Male,35914 CEDEX 9,France
Nikolai,Luggar,nluggarg4@state.gov,Female,520006,Colombia
Ann-marie,Hearons,ahearonsg5@slashdot.org,Female,,Qatar
Josey,Carriage,jcarriageg6@topsy.com,Male,,Indonesia
Reinold,Clissett,rclissettg7@theguardian.com,Male,,Indonesia
Barnaby,Aylwin,baylwing8@blogspot.com,Female,,Syria
Alice,Johnigan,ajohnigang9@telegraph.co.uk,Female,,China
Shannon,Reiling,sreilingga@t.co,Male,,Ukraine
Jason,Keelinge,jkeelingegb@google.nl,Non-binary,394961,Russia
Carrol,Jolliman,cjollimangc@apple.com,Female,55720-000,Brazil
Anjela,Rosenbush,arosenbushgd@mlb.com,Female,6004,Hungary
Peta,Durtnall,pdurtnallge@ustream.tv,Male,,China
Wallis,Ethridge,wethridgegf@redcross.org,Male,,China
Stanislas,Glisane,sglisanegg@seattletimes.com,Female,,Belize
Graeme,Olcot,golcotgh@army.mil,Male,,Indonesia
Portie,Catterell,pcatterellgi@over-blog.com,Female,,Indonesia
Linet,Jayne,ljaynegj@hubpages.com,Female,,Albania
Jasmina,Cosyns,jcosynsgk@cmu.edu,Female,,China
Gilbert,Bewlay,gbewlaygl@mtv.com,Male,2731,Philippines
Sada,Pettigree,spettigreegm@unicef.org,Female,56902 CEDEX 9,France
Amil,Rose,arosegn@mozilla.org,Polygender,30120,Thailand
Hillery,Waggatt,hwaggattgo@nps.gov,Female,,Indonesia
Minetta,Windybank,mwindybankgp@imdb.com,Male,1333,Macedonia
Catlee,Curnock,ccurnockgq@tripod.com,Genderqueer,,Djibouti
Meris,McKall,mmckallgr@meetup.com,Male,,Mongolia
Almeria,Pine,apinegs@vistaprint.com,Female,,China
Ronni,Staner,rstanergt@hhs.gov,Female,,Indonesia
Constantino,Kezourec,ckezourecgu@gravatar.com,Female,,Syria
Cathe,Gaddas,cgaddasgv@telegraph.co.uk,Female,3922,Greenland
Lydie,Bilston,lbilstongw@technorati.com,Female,,Indonesia
Lilli,Zorzenoni,lzorzenonigx@sitemeter.com,Female,N8V,Canada
Bunny,Milliere,bmillieregy@dedecms.com,Female,,China
Zola,Raisbeck,zraisbeckgz@time.com,Male,166004,Russia
Yorgo,Darby,ydarbyh0@list-manage.com,Polygender,20436,United States
Fulvia,Strowthers,fstrowthersh1@discuz.net,Male,,Greece
Carmela,Halward,chalwardh2@google.com,Female,6538,Philippines
Ruthi,Amberger,rambergerh3@flickr.com,Male,343 35,Sweden
Garrot,Wastie,gwastieh4@apache.org,Female,188680,Russia
Gert,Oldmeadow,goldmeadowh5@nhs.uk,Female,37082 CEDEX 2,France
Ricard,Guildford,rguildfordh6@patch.com,Male,2605-006,Portugal
Kattie,Boakes,kboakesh7@independent.co.uk,Female,,Armenia
Gardiner,Jannings,gjanningsh8@illinois.edu,Male,33050 CEDEX,France
Ursa,Dumbelton,udumbeltonh9@buzzfeed.com,Female,,China
Julina,Kelle,jkelleha@51.la,Male,64-050,Poland
Uriel,Trent,utrenthb@ameblo.jp,Female,,Syria
Tadd,Coppeard,tcoppeardhc@stumbleupon.com,Male,607343,Russia
Allayne,Valde,avaldehd@mail.ru,Female,77705,United States
Simmonds,Showt,sshowthe@macromedia.com,Male,,Cyprus
Catherine,McElhinney,cmcelhinneyhf@goo.ne.jp,Female,252219,Colombia
Libby,Gaddesby,lgaddesbyhg@virginia.edu,Female,30001,Pakistan
Cally,Jinks,cjinkshh@uiuc.edu,Male,,Kyrgyzstan
Bran,Habergham,bhaberghamhi@phoca.cz,Male,,China
Sidonia,Stonnell,sstonnellhj@a8.net,Male,398032,Russia
Cyrille,Calderonello,ccalderonellohk@moonfruit.com,Non-binary,,Indonesia
Al,Giovannetti,agiovannettihl@nih.gov,Male,56528,Mexico
Niall,Buckmaster,nbuckmasterhm@un.org,Male,613930,Russia
Walsh,Mitchiner,wmitchinerhn@zimbio.com,Female,,Bosnia and Herzegovina
Curt,Symonds,csymondsho@facebook.com,Female,,Ukraine
Gregoor,Ceaplen,gceaplenhp@miibeian.gov.cn,Male,,Serbia
Rebecca,Mattevi,rmattevihq@samsung.com,Female,,Kazakhstan
Dorolice,Dymott,ddymotthr@51.la,Polygender,,Vietnam
Harriot,Guillond,hguillondhs@google.cn,Male,679005,Russia
Branden,Warlock,bwarlockht@disqus.com,Male,54076 CEDEX,France
Karylin,Breckwell,kbreckwellhu@csmonitor.com,Agender,R7N,Canada
Care,Jell,cjellhv@flickr.com,Female,,China
Steffen,Billiard,sbilliardhw@sohu.com,Female,,China
Niel,Ecles,necleshx@cbsnews.com,Male,N9V,Canada
Bertha,Aleksandrov,baleksandrovhy@imgur.com,Male,,Indonesia
Durante,Linggood,dlinggoodhz@kickstarter.com,Non-binary,43-330,Poland
Ingamar,Matteris,imatterisi0@home.pl,Female,,Honduras
Jason,Lafont,jlafonti1@upenn.edu,Bigender,2417,Philippines
Keeley,Carpenter,kcarpenteri2@samsung.com,Female,533 12,Czech Republic
Merrick,Adamowicz,madamowiczi3@w3.org,Female,,Indonesia
Hilliard,Panas,hpanasi4@php.net,Male,,China
Erroll,Steinor,esteinori5@baidu.com,Female,2706,Philippines
Carolin,Saller,csalleri6@mit.edu,Female,242774,Russia
Colette,Muncey,cmunceyi7@nhs.uk,Female,88759,Mexico
Melonie,Cowitz,mcowitzi8@cnbc.com,Female,5174,Argentina
Hope,Heineking,hheinekingi9@storify.com,Female,32-640,Poland
Broddie,Grinstead,bgrinsteadia@seesaa.net,Male,619222,Russia
Ambros,Jovis,ajovisib@scribd.com,Bigender,,China
Brucie,Thornber,bthornberic@nymag.com,Male,,China
Ermengarde,Treherne,etreherneid@dmoz.org,Female,,China
Salomon,Hubbis,shubbisie@deviantart.com,Male,,Indonesia
Debra,Goudman,dgoudmanif@redcross.org,Genderfluid,,Iran
Alia,Pinchback,apinchbackig@wikispaces.com,Genderfluid,,China
Chloris,Fylan,cfylanih@slashdot.org,Female,,China
Fara,Roskrug,froskrugii@theguardian.com,Female,68870-000,Brazil
Warren,Jandac,wjandacij@dailymotion.com,Bigender,,China
Shamus,Lumbley,slumbleyik@bluehost.com,Female,,China
Trisha,Kopec,tkopecil@fastcompany.com,Female,,Mongolia
Tedman,Yoselevitch,tyoselevitchim@businessweek.com,Male,4870-130,Portugal
Court,Betz,cbetzin@uiuc.edu,Female,24-123,Poland
Martainn,Matei,mmateiio@com.com,Bigender,,Indonesia
Kailey,Hazley,khazleyip@gravatar.com,Female,453747,Russia
Murdock,Skase,mskaseiq@nsw.gov.au,Male,,Indonesia
Hestia,Cordelet,hcordeletir@mozilla.org,Female,,Cambodia
Dario,Kunrad,dkunradis@canalblog.com,Female,1236,Macedonia
Maegan,Driutti,mdriuttiit@netvibes.com,Male,20147,Italy
Jerrie,Curtis,jcurtisiu@hhs.gov,Female,,Nigeria
Clerissa,Gerrett,cgerrettiv@tripod.com,Female,,China
Ed,Tesdale,etesdaleiw@w3.org,Female,75648,Malaysia
Ana,Pollicott,apollicottix@dion.ne.jp,Female,87076,Mexico
Eduardo,Silvers,esilversiy@bigcartel.com,Male,,China
Darin,Lyston,dlystoniz@house.gov,Polygender,,China
Alistair,Reynish,areynishj0@rediff.com,Female,,Greece
Veriee,Kirsch,vkirschj1@mlb.com,Female,,Azerbaijan
Theda,Weiser,tweiserj2@google.co.jp,Female,,Venezuela
Ginger,Crozier,gcrozierj3@auda.org.au,Female,407-0176,Japan
Shaun,Oatley,soatleyj4@xrea.com,Male,3180,Argentina
Erl,Hutten,ehuttenj5@archive.org,Male,720 16,Sweden
Webster,Fishburn,wfishburnj6@youku.com,Male,3524,Philippines
Nelia,Scamerden,nscamerdenj7@ovh.net,Male,1000,Bulgaria
Dorothy,O'Kynsillaghe,dokynsillaghej8@zdnet.com,Female,,North Korea
Etta,Kitteridge,ekitteridgej9@google.com,Male,,China
Shaughn,Chritchley,schritchleyja@dedecms.com,Male,22908,United States
Kiah,Micheli,kmichelijb@stumbleupon.com,Male,49003,Spain
Cecil,Jephcote,cjephcotejc@blogger.com,Female,347180,Russia
Amabelle,Ancell,aancelljd@deliciousdays.com,Male,92105,Mexico
Genia,Somersett,gsomersettje@skype.com,Male,98833,New Caledonia
Doroteya,Lorie,dloriejf@fotki.com,Female,,Morocco
Lukas,Camosso,lcamossojg@so-net.ne.jp,Female,,Uzbekistan
Easter,Beavers,ebeaversjh@google.nl,Female,4513,Philippines
Blane,Klulik,bklulikji@storify.com,Female,,Peru
Batholomew,Wilstead,bwilsteadjj@eepurl.com,Male,,China
Moss,Moncrefe,mmoncrefejk@ovh.net,Male,6104,Philippines
Elka,Ticehurst,eticehurstjl@wikia.com,Male,869-5604,Japan
Veda,Eccleston,vecclestonjm@last.fm,Male,,Indonesia
Sibella,Barkshire,sbarkshirejn@ebay.com,Genderfluid,,Ukraine
Yasmeen,Balassi,ybalassijo@list-manage.com,Female,75310,United States
Farr,Blasius,fblasiusjp@ebay.co.uk,Female,,North Korea
Farleigh,Eardley,feardleyjq@illinois.edu,Female,,Indonesia
Zoe,O'Crevan,zocrevanjr@usatoday.com,Male,,China
Ashleigh,Lanfranconi,alanfranconijs@wunderground.com,Female,55635,Mexico
Myrah,Olivia,moliviajt@mashable.com,Female,,Peru
Bram,Emburey,bembureyju@multiply.com,Female,,Kosovo
Page,Cardenosa,pcardenosajv@bloglines.com,Female,40602,Costa Rica
Pate,Imbrey,pimbreyjw@ihg.com,Female,443543,Russia
Sig,Galland,sgallandjx@wix.com,Male,,Peru
Tiffie,Lawlan,tlawlanjy@discuz.net,Male,,Indonesia
Jordan,Haward,jhawardjz@hubpages.com,Male,69600-000,Brazil
Ezequiel,Goudie,egoudiek0@fc2.com,Female,95943 CEDEX 2,France
Derby,Biggadyke,dbiggadykek1@bravesites.com,Male,01069 CEDEX 9,France
Rinaldo,Pudner,rpudnerk2@1688.com,Polygender,102192,Russia
Daven,Swait,dswaitk3@squidoo.com,Female,26209 CEDEX,France
Miles,Kirsopp,mkirsoppk4@delicious.com,Genderfluid,,Saudi Arabia
Elly,Elsy,eelsyk5@miibeian.gov.cn,Female,,Greece
Valle,Sindell,vsindellk6@ftc.gov,Female,4207,Philippines
Lynn,Chaunce,lchauncek7@msu.edu,Female,95-036,Poland
Aaron,McKeachie,amckeachiek8@etsy.com,Female,,Ghana
Mathias,Lescop,mlescopk9@cloudflare.com,Female,04104 CEDEX,France
Tris,Annes,tanneska@webeden.co.uk,Male,,China
Rubin,Westmarland,rwestmarlandkb@seattletimes.com,Female,,Indonesia
Krispin,Baildon,kbaildonkc@nasa.gov,Female,,China
Bobina,Hasser,bhasserkd@blinklist.com,Male,,China
Emili,Godmar,egodmarke@arizona.edu,Female,,Indonesia
Corbie,Tivnan,ctivnankf@hatena.ne.jp,Male,,Peru
Kelli,Skynner,kskynnerkg@umn.edu,Male,39310,Finland
Tabb,Peplay,tpeplaykh@tripadvisor.com,Female,,China
Veronique,Fidian,vfidianki@unc.edu,Female,,Indonesia
Buddie,Lorence,blorencekj@angelfire.com,Female,22011,Pakistan
Stern,Kelsell,skelsellkk@last.fm,Male,,Indonesia
Marina,Dunbleton,mdunbletonkl@si.edu,Agender,,China
Goldi,Grimsdike,ggrimsdikekm@ow.ly,Male,757 59,Sweden
Even,Brough,ebroughkn@themeforest.net,Male,,China
Cordey,Ortner,cortnerko@tiny.cc,Male,,China
Cornela,Fairtlough,cfairtloughkp@psu.edu,Female,4570-308,Portugal
Jimmie,Mozzini,jmozzinikq@sfgate.com,Male,491-0014,Japan
Inessa,Dumphrey,idumphreykr@seattletimes.com,Male,,China
Walliw,Cosgrive,wcosgriveks@chron.com,Male,,Indonesia
Iorgo,Blues,iblueskt@biglobe.ne.jp,Male,7450-265,Portugal
Bearnard,Sparke,bsparkeku@jugem.jp,Female,,Morocco
Elsworth,Ambrogelli,eambrogellikv@blogs.com,Male,,Indonesia
Melinda,Wilcox,mwilcoxkw@hhs.gov,Non-binary,,Somalia
Son,Blow,sblowkx@jugem.jp,Female,,Nicaragua
Bran,Almond,balmondky@dell.com,Genderfluid,,China
Gearard,Szanto,gszantokz@freewebs.com,Genderqueer,,Indonesia
Aveline,Tedorenko,atedorenkol0@bing.com,Female,3162,Argentina
Aubine,Nethercott,anethercottl1@cargocollective.com,Genderqueer,614532,Russia
Cecily,Bruins,cbruinsl2@cbsnews.com,Male,,Indonesia
Stormie,Goligly,sgoliglyl3@reference.com,Male,,Nigeria
Micky,Camilio,mcamiliol4@abc.net.au,Female,,Uruguay
Jammal,Myott,jmyottl5@apache.org,Male,,China
Derrick,Spillane,dspillanel6@opensource.org,Female,4980-233,Portugal
Rafi,Tarn,rtarnl7@wordpress.org,Female,391327,Russia
Tamiko,Veevers,tveeversl8@seattletimes.com,Male,50733,Germany
Christel,Edser,cedserl9@hud.gov,Male,,China
Thedric,Whall,twhallla@auda.org.au,Male,,Syria
Taddeusz,Spata,tspatalb@hud.gov,Female,79176,United States
Lorne,Thor,lthorlc@ehow.com,Agender,,Cambodia
Anita,Lobley,alobleyld@nytimes.com,Male,4323,Philippines
Zane,Jirsa,zjirsale@abc.net.au,Female,,Indonesia
Tedda,Trowbridge,ttrowbridgelf@webnode.com,Male,188355,Russia
Brendin,Ebbitt,bebbittlg@amazon.de,Female,33160,Thailand
Tybie,McColley,tmccolleylh@ucoz.com,Male,31150,Thailand
Mandi,Brolan,mbrolanli@businessweek.com,Male,45147,Mexico
Miguelita,Hickin,mhickinlj@weather.com,Male,403 39,Czech Republic
Ashil,Grills,agrillslk@ucsd.edu,Male,,Iran
Sheena,Wimpenny,swimpennyll@dyndns.org,Female,,Iraq
Franchot,Kiendl,fkiendllm@fema.gov,Female,,China
Ricky,Gristhwaite,rgristhwaiteln@geocities.com,Male,6594,Belgium
Erin,Mailes,emaileslo@wikispaces.com,Female,,Venezuela
Sharia,Trudgion,strudgionlp@weebly.com,Male,,Ecuador
Reg,Walden,rwaldenlq@blogtalkradio.com,Male,,China
Nicolea,Goldin,ngoldinlr@ovh.net,Male,,Libya
Marcelo,Sheepy,msheepyls@last.fm,Male,,China
Ardenia,Paternoster,apaternosterlt@icq.com,Female,,Ukraine
Moll,Gerriets,mgerrietslu@domainmarket.com,Female,15500-000,Brazil
Claudie,Quadling,cquadlinglv@wp.com,Female,2775-381,Portugal
Giordano,Beteriss,gbeterisslw@hhs.gov,Female,N5C,Canada
Layney,Snare,lsnarelx@seesaa.net,Female,,China
Letisha,Phillips,lphillipsly@wordpress.org,Female,10600,Sri Lanka
Peggi,Snuggs,psnuggslz@examiner.com,Male,,Tajikistan
Gregg,Royl,groylm0@walmart.com,Male,841 01,Slovakia
Danyelle,Constanza,dconstanzam1@disqus.com,Female,56977 CEDEX 9,France
Pooh,Portman,pportmanm2@studiopress.com,Male,,China
Dario,Dodshun,ddodshunm3@si.edu,Female,,China
Welsh,MacGauhy,wmacgauhym4@trellian.com,Female,,Indonesia
Ethel,Warmington,ewarmingtonm5@cargocollective.com,Male,39620-000,Brazil
Budd,Flavelle,bflavellem6@mysql.com,Male,,Ukraine
Barret,Lowrie,blowriem7@sun.com,Female,95-001,Poland
Marijo,Kerwin,mkerwinm8@tripadvisor.com,Female,,China
Sampson,Buggs,sbuggsm9@mlb.com,Male,,Indonesia
Bendix,Sooley,bsooleyma@hugedomains.com,Female,34-143,Poland
Monah,Stachini,mstachinimb@vk.com,Female,1011,Macedonia
Michele,Phidgin,mphidginmc@virginia.edu,Male,2019,Netherlands
Scott,Maughan,smaughanmd@google.de,Male,821 80,Sweden
Brook,Stolz,bstolzme@icq.com,Female,,Ukraine
Tracey,Izkovitz,tizkovitzmf@skyrock.com,Female,V9P,Canada
Daphna,Aris,darismg@github.io,Male,,China
Christiana,McKinless,cmckinlessmh@bing.com,Male,,China
Florrie,Chittock,fchittockmi@pen.io,Male,,China
Benjamen,Sinderland,bsinderlandmj@imdb.com,Male,601231,Russia
Norby,Laite,nlaitemk@yandex.ru,Female,91009 CEDEX,France
Roxine,Helstrom,rhelstromml@cdbaby.com,Male,,China
Adolf,Rawcliffe,arawcliffemm@bluehost.com,Male,0264,Norway
Lara,Franzoli,lfranzolimn@telegraph.co.uk,Female,,Albania
Kim,Udey,kudeymo@reference.com,Female,21083 CEDEX 9,France
Edward,Cawdron,ecawdronmp@angelfire.com,Male,,Ukraine
Suzette,Andreix,sandreixmq@dailymotion.com,Male,,Palestinian Territory
Francklin,Feander,ffeandermr@networksolutions.com,Female,,Indonesia
Teriann,Gisbey,tgisbeyms@chron.com,Male,652672,Russia
Joice,Davidsen,jdavidsenmt@unicef.org,Male,,Uzbekistan
Flinn,Antonognoli,fantonognolimu@ow.ly,Male,,Palestinian Territory
Kinnie,Bradden,kbraddenmv@mayoclinic.com,Female,,China
Therine,Brookson,tbrooksonmw@dailymail.co.uk,Male,397608,Russia
Eadith,Wickrath,ewickrathmx@engadget.com,Female,32-089,Poland
Jedediah,Bunch,jbunchmy@amazon.co.uk,Male,834-0122,Japan
Dre,Montilla,dmontillamz@statcounter.com,Male,5604,Hungary
Maury,Balderston,mbalderstonn0@boston.com,Female,678711,Russia
Cherish,Szubert,cszubertn1@toplist.cz,Bigender,84042 CEDEX 9,France
Tillie,Pittet,tpittetn2@imgur.com,Male,,Armenia
Alvan,Jaukovic,ajaukovicn3@linkedin.com,Female,68213,Mexico
Lacee,Hasslocher,lhasslochern4@ustream.tv,Male,31140,Thailand
Edik,McCrachen,emccrachenn5@mit.edu,Female,,Ethiopia
Leroi,Mulvany,lmulvanyn6@dailymail.co.uk,Male,93591 CEDEX,France
Helaina,Foulstone,hfoulstonen7@addthis.com,Female,789 74,Czech Republic
Greg,Broome,gbroomen8@businessweek.com,Female,,Peru
Lennie,Minkin,lminkinn9@i2i.jp,Male,,China
Rosemarie,Wellan,rwellanna@shutterfly.com,Male,48130,Thailand
Leeanne,Draysey,ldrayseynb@youku.com,Male,6285-105,Portugal
Griff,Walklett,gwalklettnc@chron.com,Male,,Iran
Albert,Maryska,amaryskand@timesonline.co.uk,Agender,2540-593,Portugal
Linc,McCann,lmccannne@topsy.com,Male,,Indonesia
Laird,Brient,lbrientnf@is.gd,Male,692854,Russia
Vinny,Jedrych,vjedrychng@wisc.edu,Female,820 01,Slovakia
Rodrick,Cuttell,rcuttellnh@sciencedirect.com,Female,,Indonesia
Boycey,Walework,bwaleworkni@irs.gov,Male,,Indonesia
Hermina,Yourell,hyourellnj@earthlink.net,Female,,Belize
Isadora,Gardner,igardnernk@harvard.edu,Female,77075,United States
Sukey,Calcut,scalcutnl@biblegateway.com,Male,,China
Donavon,Olennikov,dolennikovnm@pagesperso-orange.fr,Female,,Mali
Iolande,Yurtsev,iyurtsevnn@soup.io,Male,3430-605,Portugal
Shani,Youens,syouensno@wordpress.org,Polygender,,Ukraine
Blisse,Syalvester,bsyalvesternp@shutterfly.com,Male,,Indonesia
Elbertina,Molloy,emolloynq@lulu.com,Polygender,,Indonesia
Blane,Wimpey,bwimpeynr@clickbank.net,Female,,China
Even,Cakebread,ecakebreadns@theglobeandmail.com,Male,9730,Netherlands
Starlene,McGruar,smcgruarnt@yahoo.co.jp,Female,4445-005,Portugal
Enriqueta,Gethouse,egethousenu@ihg.com,Female,,Laos
Cathi,Gavriel,cgavrielnv@rediff.com,Female,445359,Russia
Lemuel,Yurikov,lyurikovnw@amazon.de,Female,,Egypt
Eb,Rushmare,erushmarenx@ed.gov,Male,,Indonesia
Elenore,Heatlie,eheatlieny@goo.gl,Female,13008,Guatemala
Maybelle,Harbisher,mharbishernz@wsj.com,Male,,Ghana
Ricca,Tyndall,rtyndallo0@paginegialle.it,Male,,China
Ruddy,Rider,rridero1@google.com.br,Female,,Honduras
Monica,Torel,mtorelo2@oakley.com,Female,,Ukraine
Celinka,Worton,cwortono3@cnbc.com,Male,269 36,Sweden
Thatch,Foxhall,tfoxhallo4@samsung.com,Male,,Indonesia
Felicle,Danilchev,fdanilchevo5@delicious.com,Female,1114,Philippines
Isidro,Ormiston,iormistono6@soup.io,Female,,South Korea
Staci,Downs,sdownso7@mapy.cz,Bigender,2860-205,Portugal
Sigfried,Mattusevich,smattusevicho8@feedburner.com,Male,,Greece
Willard,Curman,wcurmano9@twitter.com,Male,,China
Crystie,Yeskov,cyeskovoa@archive.org,Female,,China
Yehudit,Bidnall,ybidnallob@privacy.gov.au,Female,21-200,Poland
Tait,Lutwyche,tlutwycheoc@twitter.com,Female,7409,Netherlands
Rafael,Strick,rstrickod@163.com,Female,,China
Ronica,Adhams,radhamsoe@nature.com,Male,90141,Italy
Phillida,Thirkettle,pthirkettleof@apple.com,Male,,Turkmenistan
Violette,Normanvill,vnormanvillog@cisco.com,Female,,Greece
Ellery,Sheivels,esheivelsoh@tiny.cc,Female,,Bosnia and Herzegovina
Bayard,Anderl,banderloi@mail.ru,Non-binary,26003 CEDEX,France
Alfie,Cathie,acathieoj@house.gov,Female,,China
Corry,Dumbell,cdumbellok@nih.gov,Female,363759,Russia
Liza,Axtens,laxtensol@microsoft.com,Female,161200,Russia
Tine,Overland,toverlandom@blog.com,Male,,China
Dulcia,Truman,dtrumanon@yellowbook.com,Male,,China
Wenonah,Flaxman,wflaxmanoo@mit.edu,Male,48211,United States
Junia,Branson,jbransonop@diigo.com,Female,132 30,Sweden
Laughton,Pitcock,lpitcockoq@tinyurl.com,Bigender,,China
Tracie,Townshend,ttownshendor@ucoz.com,Female,633104,Russia
Justus,Beckhurst,jbeckhurstos@youtube.com,Male,538 43,Czech Republic
Clementine,Chevis,cchevisot@chicagotribune.com,Male,,China
Johnath,Mervyn,jmervynou@earthlink.net,Genderfluid,46005,Spain
Gregory,Woolaston,gwoolastonov@washington.edu,Female,25005,Spain
Inigo,Dominique,idominiqueow@wordpress.com,Male,392 30,Sweden
Deana,Kirk,dkirkox@webs.com,Female,48321,Croatia
Granger,Toner,gtoneroy@google.fr,Female,6129,Philippines
Dori,Durnford,ddurnfordoz@ifeng.com,Male,,China
Karalee,Vondra,kvondrap0@wiley.com,Male,66622,United States
Gussi,Rubee,grubeep1@flickr.com,Female,368540,Russia
Teressa,Hindshaw,thindshawp2@devhub.com,Agender,57-256,Poland
Locke,Clemits,lclemitsp3@army.mil,Genderqueer,,China
Charissa,Manser,cmanserp4@hibu.com,Male,,China
Kevina,Izhak,kizhakp5@amazon.com,Female,,Ukraine
Elset,Maginn,emaginnp6@businesswire.com,Female,2302,Macedonia
Wendall,Shearmur,wshearmurp7@china.com.cn,Female,403772,Russia
Sam,Pidgley,spidgleyp8@freewebs.com,Male,13192 CEDEX 20,France
Benedetto,Wyleman,bwylemanp9@123-reg.co.uk,Female,32605,United States
Hulda,Dominey,hdomineypa@sfgate.com,Male,7220-043,Portugal
Fairlie,Libreros,flibrerospb@com.com,Male,2624,Philippines
Skylar,Drake,sdrakepc@seattletimes.com,Male,929-0341,Japan
Emmet,MacDermid,emacdermidpd@parallels.com,Female,,Yemen
Harmonie,Drover,hdroverpe@example.com,Female,,China
Ripley,Ezele,rezelepf@google.com,Male,,China
Georgi,Cadman,gcadmanpg@prweb.com,Female,,China
Elsi,Manuely,emanuelyph@prlog.org,Female,,China
Nady,Tidball,ntidballpi@tripadvisor.com,Female,,Syria
Carleton,Paver,cpaverpj@multiply.com,Male,6131,Philippines
Mac,Camoys,mcamoyspk@si.edu,Female,T3S,Canada
Killy,Franceschelli,kfranceschellipl@list-manage.com,Male,,Egypt
Erin,Duley,eduleypm@netlog.com,Female,08900-000,Brazil
Amity,Clayfield,aclayfieldpn@illinois.edu,Male,684517,Colombia
Vida,Moult,vmoultpo@google.com.hk,Male,,Palestinian Territory
Modestia,Pencott,mpencottpp@nyu.edu,Female,,Cuba
Perice,Abbets,pabbetspq@blogs.com,Agender,,Indonesia
Fredek,Arnholtz,farnholtzpr@live.com,Polygender,3850-312,Portugal
York,Testo,ytestops@twitpic.com,Male,,Indonesia
Dorotea,Govier,dgovierpt@chicagotribune.com,Non-binary,4200,Argentina
Cate,Clancey,cclanceypu@apple.com,Male,S4A,Canada
Linoel,Darrow,ldarrowpv@mysql.com,Male,379-2147,Japan
Cesare,McKerton,cmckertonpw@hubpages.com,Genderfluid,,Chile
Killian,Finden,kfindenpx@ebay.co.uk,Female,,China
Tonia,Muncer,tmuncerpy@foxnews.com,Male,6339,Macedonia
Max,Boshard,mboshardpz@zdnet.com,Male,H9X,Canada
Barnaby,Strass,bstrassq0@123-reg.co.uk,Polygender,,Venezuela
Lyndsie,Huscroft,lhuscroftq1@soup.io,Male,,Indonesia
Deedee,Iuorio,diuorioq2@virginia.edu,Male,38-116,Poland
Kalvin,Beames,kbeamesq3@arizona.edu,Male,,China
Christye,Whilde,cwhildeq4@sbwire.com,Male,6332,South Africa
Waldo,Quinnette,wquinnetteq5@tumblr.com,Female,11105,Dominican Republic
Zak,Showte,zshowteq6@apple.com,Female,,Georgia
Patty,Galfour,pgalfourq7@dedecms.com,Male,64100-000,Brazil
Cloe,Forst,cforstq8@bigcartel.com,Female,,Afghanistan
Jennifer,Jochens,jjochensq9@sogou.com,Male,183 60,Sweden
Cyb,Rack,crackqa@cnet.com,Female,40000,Croatia
Blanche,Paulat,bpaulatqb@desdev.cn,Male,,China
Jennifer,Audenis,jaudenisqc@rediff.com,Female,252219,Colombia
Cybill,Myles,cmylesqd@earthlink.net,Female,413824,Russia
Crista,Gosz,cgoszqe@webnode.com,Genderfluid,,Kyrgyzstan
De witt,Rubinshtein,drubinshteinqf@boston.com,Agender,9630-305,Portugal
Elke,Greaser,egreaserqg@reverbnation.com,Male,,Indonesia
Pia,Samudio,psamudioqh@mashable.com,Female,692658,Russia
Yurik,Sprigings,ysprigingsqi@wp.com,Female,35351,Pakistan
Giordano,Youster,gyousterqj@illinois.edu,Female,301806,Russia
Theobald,Steele,tsteeleqk@auda.org.au,Female,,China
Rustie,Sneden,rsnedenql@blogspot.com,Female,,Indonesia
Sean,Candelin,scandelinqm@sfgate.com,Male,,China
Dulsea,Sartain,dsartainqn@123-reg.co.uk,Female,K2R,Canada
Hew,Boath,hboathqo@nih.gov,Female,6337,Philippines
Aryn,Leadbeater,aleadbeaterqp@chron.com,Male,,Indonesia
Lucille,Piccard,lpiccardqq@bandcamp.com,Male,,China
Sonnie,Ovington,sovingtonqr@senate.gov,Female,348 02,Czech Republic
Harlan,Pagen,hpagenqs@nasa.gov,Female,,Egypt
Lianna,Borzoni,lborzoniqt@google.com,Male,,Indonesia
Oralle,Bier,obierqu@blinklist.com,Female,15015 CEDEX,France
Nelle,Rosenzwig,nrosenzwigqv@facebook.com,Male,9019,Philippines
Peggi,Syddon,psyddonqw@rakuten.co.jp,Male,411 17,Czech Republic
Rhody,Hickin,rhickinqx@oaic.gov.au,Female,43260,Pakistan
Maribelle,Scriviner,mscrivinerqy@a8.net,Female,,Serbia
Danyelle,Dougliss,ddouglissqz@deviantart.com,Female,,Greece
Camellia,Godwin,cgodwinr0@about.me,Female,35156,Mexico
Johannes,Huot,jhuotr1@zdnet.com,Male,348 06,Czech Republic
Adrian,Jorgesen,ajorgesenr2@ca.gov,Male,,China
Mackenzie,Saywell,msaywellr3@livejournal.com,Male,678953,Russia
Nicholle,Swallow,nswallowr4@naver.com,Female,,China
Sheeree,Twaite,stwaiter5@globo.com,Male,,Indonesia
Bruce,Ewells,bewellsr6@google.es,Male,,Morocco
Fidelia,Donnachie,fdonnachier7@phpbb.com,Female,331 54,Sweden
Taddeo,Phalp,tphalpr8@apache.org,Female,43-267,Poland
Chan,Redolfi,credolfir9@shop-pro.jp,Female,,Peru
Hymie,Beale,hbealera@army.mil,Female,,Indonesia
Andrus,Lanahan,alanahanrb@mtv.com,Female,4750-488,Portugal
Ferdinanda,Brach,fbrachrc@ovh.net,Male,2645-446,Portugal
Elysia,Axell,eaxellrd@scribd.com,Male,,Indonesia
Dwight,Sitlington,dsitlingtonre@yahoo.co.jp,Female,85850-000,Brazil
Celie,Tadgell,ctadgellrf@soup.io,Male,,Indonesia
Zsa zsa,Kabisch,zkabischrg@discuz.net,Female,,Belarus
Noland,Bente,nbenterh@globo.com,Female,,China
Manuel,Kennsley,mkennsleyri@macromedia.com,Female,,China
Benjamen,Raxworthy,braxworthyrj@yellowpages.com,Bigender,,Honduras
Miller,Chang,mchangrk@gravatar.com,Male,,Tanzania
Arnoldo,Robjohns,arobjohnsrl@flickr.com,Female,2820-023,Portugal
Egor,Dominichetti,edominichettirm@prweb.com,Female,892 34,Sweden
Siegfried,Gillbard,sgillbardrn@liveinternet.ru,Female,,China
Marvin,Jeacock,mjeacockro@elpais.com,Male,,China
Katey,Iwanczyk,kiwanczykrp@businesswire.com,Female,07004 CEDEX,France
Walt,Arnold,warnoldrq@smh.com.au,Polygender,,Laos
Spike,Renzullo,srenzullorr@nytimes.com,Female,49400-000,Brazil
